[{"date":"2023-03-09T00:00:00Z","event":"http://www.wikidata.org/entity/Q111458258"},{"date":"2023-03-02T00:00:00Z","event":"http://www.wikidata.org/entity/Q111458314","eventLabel":"2022–23 Biathlon World Cup – Stage 7"},{"date":"2023-03-16T00:00:00Z","event":"http://www.wikidata.org/entity/Q111458340"},{"date":"2023-03-05T00:00:00Z","event":"http://www.wikidata.org/entity/Q111460810","eventLabel":"2023 Vasaloppet"},{"date":"2023-03-12T00:00:00Z","event":"http://www.wikidata.org/entity/Q115801843","eventLabel":"2023 Women's Hockey Junior Africa Cup"},{"date":"2023-03-12T00:00:00Z","event":"http://www.wikidata.org/entity/Q115802035","eventLabel":"2023 Men's Hockey Junior Africa Cup"},{"date":"2023-03-18T00:00:00Z","event":"http://www.wikidata.org/entity/Q115803958","eventLabel":"UFC 286"},{"date":"2023-02-25T00:00:00Z","event":"http://www.wikidata.org/entity/Q115807057","eventLabel":"UFC Fight Night 220"},{"date":"2023-03-04T00:00:00Z","event":"http://www.wikidata.org/entity/Q115857639","eventLabel":"UFC 285"},{"date":"2023-03-11T00:00:00Z","event":"http://www.wikidata.org/entity/Q115857750","eventLabel":"UFC Fight Night 221"}]
