Country,1960,1961,1962,1963,1964,1965,1966,1967,1968,1969,1970,1971,1972,1973,1974,1975,1976,1977,1978,1979,1980,1981,1982,1983,1984,1985,1986,1987,1988,1989,1990,1991,1992,1993,1994,1995,1996,1997,1998,1999,2000,2001,2002,2003,2004,2005,2006,2007,2008
Aruba,36.4,35.179,33.863,32.459,30.994,29.513,28.069,26.721,25.518,24.492,23.669,23.058,22.627,22.342,22.177,22.111,22.125,22.192,22.281,22.362,22.406,22.39,22.313,22.172,21.958,21.668,21.3,20.869,20.393,19.886,19.363,18.842,18.332,17.839,17.367,16.911,16.457,15.994,15.515,15.024,14.528,14.041,13.579,13.153,12.772,12.441,12.159,11.919,11.716
Afghanistan,52.201,52.206,52.208,52.204,52.192,52.168,52.13,52.076,52.006,51.92,51.816,51.691,51.548,51.395,51.239,51.092,50.967,50.871,50.81,50.786,50.795,50.833,50.888,50.951,51.016,51.084,51.156,51.237,51.325,51.417,51.51,51.603,51.69,51.76,51.802,51.804,51.754,51.646,51.472,51.229,50.903,50.486,49.984,49.416,48.803,48.177,47.575,47.023,46.538
Angola,54.432,54.394,54.317,54.199,54.04,53.836,53.585,53.296,52.984,52.668,52.376,52.137,51.967,51.875,51.861,51.92,52.033,52.172,52.314,52.444,52.554,52.644,52.721,52.789,52.841,52.88,52.907,52.918,52.903,52.847,52.722,52.49,52.141,51.679,51.123,50.522,49.941,49.427,49.003,48.662,48.355,48.005,47.545,46.936,46.184,45.33,44.444,43.607,42.875
Albania,40.886,40.312,39.604,38.792,37.913,37.008,36.112,35.245,34.421,33.655,32.947,32.279,31.63,30.985,30.345,29.723,29.138,28.606,28.139,27.736,27.396,27.114,26.87,26.644,26.417,26.172,25.895,25.579,25.217,24.801,24.325,23.788,23.198,22.562,21.885,21.157,20.364,19.51,18.616,17.713,16.85,16.081,15.444,14.962,14.644,14.485,14.464,14.534,14.649
Netherlands Antilles,32.321,30.987,29.618,28.229,26.849,25.518,24.28,23.173,22.23,21.472,20.925,20.605,20.484,20.517,20.664,20.864,21.055,21.19,21.238,21.178,21.008,20.746,20.442,20.138,19.86,19.641,19.514,19.477,19.509,19.586,19.651,19.635,19.489,19.187,18.733,18.157,17.515,16.878,16.301,15.809,15.412,15.096,14.824,14.565,14.309,14.051,13.79,13.532,13.281
Arab World,47.61121705,,,,,46.57287558,,,,,45.16096897,,,,,43.63750184,,,,,42.05775575,41.92280196,41.18851294,40.9920666,40.46640194,39.55352324,39.19201562,38.07725879,37.53961835,36.59664464,35.24625528,34.33290838,33.59524238,32.6291751,31.83305547,31.15092323,30.42968268,30.02708418,29.53520574,29.07313737,28.68279615,28.30523828,27.96243696,27.67007401,27.3789713,27.11886118,26.85531836,26.59351659,26.32404763
United Arab Emirates,45.924,45.098,44.196,43.241,42.253,41.232,40.168,39.056,37.906,36.743,35.606,34.535,33.562,32.708,31.987,31.401,30.936,30.563,30.254,29.998,29.811,29.726,29.743,29.836,29.954,30.005,29.881,29.516,28.875,27.962,26.809,25.481,24.087,22.727,21.463,20.353,19.43,18.675,18.06,17.569,17.168,16.811,16.456,16.073,15.65,15.201,14.754,14.347,14.004
Argentina,23.809,23.577,23.349,23.13,22.931,22.761,22.633,22.552,22.527,22.564,22.687,22.922,23.262,23.681,24.14,24.569,24.885,25.035,24.994,24.761,24.37,23.884,23.384,22.935,22.568,22.295,22.106,21.961,21.825,21.683,21.523,21.338,21.129,20.896,20.639,20.353,20.036,19.695,19.341,18.983,18.641,18.332,18.066,17.849,17.68,17.553,17.454,17.364,17.269
Armenia,35.408,34.767,33.792,32.495,30.937,29.232,27.515,25.922,24.565,23.504,22.767,22.335,22.115,22.026,22.031,22.107,22.245,22.441,22.68,22.931,23.167,23.366,23.515,23.595,23.586,23.471,23.239,22.898,22.451,21.898,21.215,20.371,19.379,18.274,17.114,15.986,14.992,14.2,13.655,13.373,13.34,13.511,13.799,14.124,14.441,14.719,14.947,15.138,15.299
American Samoa,,,,,,,,,,,,,,,,,,,,,,,,,,,,,,,,,,,,,,,,,,,,,,,21.6,,
Antigua and Barbuda,31,,29.4,,,28.6,,27,,,26.2,,21,,,18.4,,19.9,18.3,18.8,16.5,16.4,15.7,15,,14.8,14.8,14.8,14.5,,20.1,,15.5,,,21.6,,21.9,,,21.1,,18.1,,,,,,
Australia,22.4,22.9,22.1,21.5,20.5,19.6,19.8,19.4,20.1,20.4,20.6,21.4,20.1,18.5,17.8,16.7,16.2,15.9,15.6,15.3,15.3,15.7,15.8,15.8,15,15.7,15,15.4,14.9,14.9,15.4,14.9,15.1,14.7,14.5,14.2,13.9,13.6,13.3,13.1,13,12.7,12.8,12.6,12.6,12.7,12.8,13.5,13.8
Austria,17.9,18.6,18.7,18.8,18.5,17.9,17.6,17.4,17.1,16.4,15.1,14.6,13.9,13,12.9,12.5,11.6,11.4,11.4,11.5,12.1,12.4,12.5,11.9,11.7,11.6,11.4,11.3,11.6,11.5,11.6,12.1,12.1,11.9,11.5,11,11,10.1,10,9.655,9.6,9.3,8.9,9.5,9.7,9.493,9.407,9.186,9.326
Azerbaijan,41.022,40.841,40.38,39.598,38.5,37.114,35.496,33.764,32.033,30.388,28.914,27.671,26.663,25.885,25.34,25.023,24.909,24.941,25.065,25.243,25.443,26.3,25.2,26.1,26.6,26.6,27.6,26.8,26.4,26.4,25.9,26.6,25.2,23.7,21.4,18.9,16.9,17.1,15.9,14.9,14.8,13.8,13.8,14,16.1,17.2,17.8,18,17.8
Burundi,45.866,45.605,45.366,45.151,44.958,44.782,44.619,44.465,44.321,44.192,44.081,43.994,43.939,43.927,43.968,44.081,44.29,44.595,44.986,45.443,45.946,46.475,46.991,47.453,47.821,48.049,48.099,47.963,47.646,47.155,46.502,45.712,44.829,43.896,42.946,42.002,41.077,40.17,39.289,38.453,37.685,37.003,36.413,35.91,35.493,35.154,34.886,34.665,34.465
Belgium,17,17.3,16.8,17.1,17.2,16.5,15.9,15.3,14.8,14.8,14.8,14.6,14,13.3,12.7,12.2,12.3,12.4,12.5,12.6,12.6,12.6,12.2,11.9,11.7,11.6,11.9,11.9,12.1,12.1,12.4,12.6,12.4,12,11.5,11.4,11.33,11.37,11.3,11.1,11.2,11.1,10.8,10.7,11.1,11.261,11.508,11.356,11.672
Benin,43.407,43.9,44.36,44.777,45.146,45.459,45.714,45.914,46.069,46.184,46.265,46.321,46.359,46.388,46.412,46.439,46.473,46.512,46.55,46.586,46.614,46.629,46.624,46.594,46.535,46.445,46.322,46.169,45.989,45.781,45.543,45.271,44.966,44.632,44.272,43.894,43.502,43.103,42.706,42.316,41.942,41.592,41.265,40.956,40.659,40.366,40.065,39.745,39.395
Burkina Faso,47.531,47.496,47.466,47.448,47.442,47.441,47.428,47.396,47.343,47.278,47.227,47.22,47.28,47.414,47.614,47.858,48.112,48.34,48.512,48.615,48.648,48.621,48.558,48.479,48.392,48.302,48.21,48.111,48,47.876,47.736,47.574,47.39,47.183,46.958,46.707,46.42,46.105,45.781,45.477,45.261,45.213,45.362,45.695,46.164,46.67,47.083,47.289,47.212
Bangladesh,47.258,47.238,47.208,47.165,47.111,47.055,47.011,46.989,46.991,47.014,47.053,47.102,47.143,47.153,47.112,46.998,46.79,46.48,46.062,45.53,44.875,44.094,43.203,42.222,41.173,40.078,38.958,37.831,36.72,35.644,34.624,33.669,32.777,31.939,31.155,30.418,29.723,29.057,28.404,27.755,27.09,26.392,25.661,24.903,24.132,23.37,22.651,21.999,21.431
Bulgaria,17.8,17.4,16.7,16.4,16.1,15.3,14.9,15,16.9,17,16.3,15.9,15.3,16.2,17.2,16.6,16.5,16.1,15.5,15.3,14.5,14.1,13.9,13.6,13.7,13.3,13.2,13,13.1,12.6,12.1,11.1,10.4,10,9.4,8.6,8.7,7.7,7.9,8.8,9,8.6,8.5,8.6,9,9.183,9.609,9.837,10.194
Bahrain,46.568,46.798,46.885,46.78,46.453,45.861,44.971,43.826,42.491,41.036,39.562,38.183,36.976,35.996,35.265,34.773,34.468,34.258,34.062,33.846,33.599,33.337,33.083,32.843,32.593,32.287,31.871,31.312,30.596,29.729,28.726,27.619,26.468,25.329,24.246,23.26,22.405,21.678,21.072,20.583,20.196,19.887,19.622,19.373,19.121,18.856,18.577,18.295,18.017
"Bahamas, The",37.103,37.297,37.271,36.957,36.339,35.458,34.398,33.296,32.264,31.353,30.592,29.973,29.447,28.975,28.551,28.19,27.912,27.722,27.607,27.539,27.457,27.289,26.994,26.559,25.997,25.365,24.751,24.234,23.863,23.644,23.548,23.514,23.46,23.32,23.067,22.682,22.167,21.563,20.913,20.245,19.593,18.989,18.45,17.987,17.608,17.308,17.075,16.882,16.704
Bosnia and Herzegovina,33.222,32.41,31.484,30.449,29.325,28.146,26.954,25.794,24.708,23.725,22.868,22.147,21.542,21.03,20.6,20.238,19.925,19.645,19.383,19.125,18.874,18.643,18.438,18.252,18.066,17.833,17.495,17.027,16.427,15.716,14.954,14.22,13.585,13.093,12.75,12.522,12.346,12.145,11.869,11.507,11.074,10.609,10.17,9.8,9.515,9.319,9.203,9.138,9.097
Belarus,24.08,,24,,,20.76,,18.6,,,17.46,,16.7,,,,,15.8,,,,16.3,16.3,17.6,17,17.05,17.1,16.1,16.1,15,13.9,12.9,12.4,11.3,10.7,9.8,9.3,8.8,9.1,9.1,9.4,9.2,9.4,8.964306238,9.053121168,9.258840119,9.937939382,10.68,11.14
Belize,43.146,42.622,42.157,41.743,41.377,41.055,40.779,40.552,40.375,40.247,40.176,40.17,40.227,40.334,40.472,40.615,40.736,40.81,40.817,40.742,40.572,40.302,39.95,39.535,39.074,38.594,38.125,37.681,37.268,36.881,36.498,36.086,35.613,35.056,34.414,33.69,32.899,32.074,31.242,30.424,29.633,28.878,28.156,27.469,26.821,26.218,25.667,25.162,24.698
Bermuda,28.3,,26,,,21.725,20.3,,,,20.3,,,,,,15.2,14.3,13,14.5,14.9,,,,15.1,,,,,15.2,14.6,15.4,15.5,13.7,14.5,13.3,13.9,,,,13.5,13.4,13.4,,13.2,13.1,12.894,12.688,12.482
Bolivia,46.359,46.167,45.981,45.812,45.667,45.564,45.519,45.524,45.557,45.589,45.566,45.425,45.129,44.664,44.037,43.281,42.449,41.609,40.82,40.113,39.507,38.999,38.562,38.17,37.816,37.502,37.234,37.01,36.817,36.635,36.431,36.167,35.823,35.39,34.87,34.282,33.66,33.041,32.453,31.906,31.396,30.909,30.418,29.905,29.367,28.808,28.235,27.663,27.104
Brazil,42.865,42.549,42.074,41.422,40.606,39.66,38.637,37.61,36.642,35.773,35.034,34.441,33.968,33.586,33.279,33.034,32.836,32.659,32.475,32.251,31.949,31.533,30.994,30.336,29.569,28.709,27.779,26.822,25.883,24.995,24.198,23.524,22.972,22.534,22.199,21.95,21.76,21.592,21.407,21.179,20.878,20.482,19.998,19.439,18.817,18.153,17.476,16.814,16.194
Barbados,30.782,30.141,29.374,28.488,27.509,26.48,25.456,24.484,23.597,22.812,22.119,21.487,20.874,20.255,19.633,19.032,18.492,18.045,17.709,17.482,17.348,17.278,17.231,17.171,17.075,16.928,16.722,16.469,16.182,15.862,15.511,15.13,14.728,14.314,13.901,13.501,13.126,12.784,12.479,12.217,11.999,11.823,11.68,11.562,11.463,11.381,11.312,11.256,11.208
Brunei Darussalam,45.555,44.552,43.44,42.249,41.024,39.835,38.756,37.828,37.064,36.46,35.964,35.498,34.982,34.372,33.665,32.908,32.18,31.558,31.089,30.771,30.553,30.35,30.081,29.702,29.215,28.677,28.182,27.816,27.623,27.596,27.681,27.793,27.832,27.722,27.435,26.96,26.315,25.568,24.782,23.995,23.247,22.572,21.977,21.464,21.034,20.678,20.373,20.089,19.802
Bhutan,47.945,47.885,47.801,47.706,47.606,47.504,47.399,47.286,47.158,47.014,46.856,46.686,46.505,46.31,46.096,45.847,45.546,45.187,44.771,44.308,43.827,43.37,42.958,42.597,42.27,41.939,41.55,41.051,40.408,39.608,38.648,37.539,36.326,35.061,33.779,32.527,31.343,30.243,29.234,28.319,27.477,26.669,25.861,25.034,24.195,23.377,22.629,21.993,21.494
Botswana,46.996,46.859,46.718,46.583,46.458,46.343,46.235,46.126,46.009,45.884,45.761,45.65,45.557,45.477,45.399,45.31,45.196,45.034,44.805,44.489,44.064,43.509,42.827,42.029,41.127,40.138,39.081,37.986,36.884,35.801,34.766,33.797,32.895,32.058,31.286,30.569,29.889,29.228,28.576,27.935,27.318,26.745,26.235,25.8,25.438,25.147,24.914,24.718,24.54
Central African Republic,43.682,43.758,43.797,43.801,43.775,43.721,43.639,43.532,43.405,43.264,43.114,42.96,42.805,42.657,42.522,42.411,42.334,42.292,42.282,42.298,42.333,42.377,42.415,42.434,42.421,42.359,42.23,42.036,41.787,41.495,41.188,40.901,40.659,40.475,40.348,40.265,40.204,40.128,40.006,39.822,39.558,39.206,38.776,38.285,37.744,37.17,36.58,35.993,35.422
Canada,26.7,26,25.2,24.6,23.4,21.3,19.3,18.2,17.6,17.6,17.4,16.8,15.9,15.6,15.4,15.8,15.6,15.5,15.2,15.4,15.4,15.3,15.1,15,15,14.9,14.5,14.4,14.5,14.9,15,14.9,14.7,13.6,13.1,12.6,12,11.6,11.4,11.2,10.9,10.6,10.7,10.5,10.65,10.65,10.85,11.1,11.25
Switzerland,17.6,18.3,18.7,19.3,19.5,19.1,18.5,17.9,17.3,16.7,15.8,15.2,14.3,13.6,13.1,12.2,11.6,11.5,11.2,11.3,11.5,11.4,11.4,11.4,11.6,11.5,11.7,11.6,12.3,12.6,12.5,12.7,12.2,12.1,11.9,11.7,11.4,11.4,11,10.3,10.9,10.1,9.7,9.7,9.9,9.803,9.804,9.865,10.055
Channel Islands,16.383,16.863,17.218,17.399,17.381,17.158,16.747,16.208,15.604,14.971,14.343,13.746,13.189,12.684,12.246,11.891,11.622,11.428,11.3,11.23,11.216,11.254,11.335,11.448,11.583,11.733,11.895,12.066,12.236,12.388,12.501,12.553,12.535,12.445,12.288,12.076,11.83,11.576,11.332,11.109,10.907,10.721,10.537,10.344,10.144,9.938,9.729,9.524,9.33
Chile,38.955,38.541,37.885,36.999,35.923,34.722,33.476,32.256,31.118,30.093,29.169,28.303,27.44,26.55,25.651,24.79,24.033,23.438,23.035,22.828,22.8,22.914,23.106,23.31,23.485,23.599,23.635,23.598,23.491,23.299,23.004,22.587,22.055,21.425,20.72,19.969,19.205,18.462,17.771,17.155,16.633,16.213,15.878,15.613,15.406,15.249,15.128,15.03,14.942
China,20.86,18.02,37.01,43.37,39.14,37.88,35.05,33.96,35.59,34.11,33.43,30.65,29.77,27.93,24.82,23.01,19.91,18.93,18.25,17.82,18.21,20.91,22.28,20.19,19.9,21.04,22.43,23.33,22.37,21.58,21.06,19.68,18.27,18.09,17.7,17.12,16.98,16.57,15.64,14.64,14.03,13.38,12.86,12.41,12.29,12.4,12.09,12.1,12.14
Cote d'Ivoire,53.053,53.145,53.206,53.236,53.237,53.21,53.155,53.07,52.955,52.809,52.635,52.437,52.216,51.966,51.681,51.348,50.953,50.485,49.943,49.329,48.648,47.904,47.117,46.307,45.492,44.688,43.912,43.169,42.464,41.805,41.188,40.608,40.054,39.523,39.02,38.562,38.173,37.862,37.628,37.457,37.326,37.201,37.05,36.847,36.578,36.241,35.843,35.407,34.952
Cameroon,43.366,43.563,43.766,43.959,44.134,44.288,44.425,44.556,44.686,44.813,44.934,45.043,45.133,45.2,45.243,45.264,45.27,45.267,45.252,45.22,45.157,45.045,44.873,44.635,44.335,43.982,43.594,43.189,42.781,42.373,41.95,41.487,40.971,40.403,39.803,39.212,38.683,38.252,37.944,37.758,37.685,37.699,37.748,37.785,37.776,37.69,37.506,37.227,36.86
"Congo, Rep.",42.546,42.65,42.757,42.86,42.954,43.033,43.092,43.129,43.146,43.14,43.117,43.085,43.046,43.001,42.944,42.863,42.744,42.576,42.352,42.074,41.743,41.365,40.955,40.531,40.107,39.698,39.321,38.979,38.672,38.397,38.14,37.878,37.596,37.288,36.964,36.653,36.396,36.221,36.137,36.136,36.187,36.25,36.277,36.227,36.08,35.823,35.457,35.011,34.509
Colombia,44.585,44.333,44.043,43.689,43.246,42.672,41.923,41.002,39.938,38.769,37.57,36.431,35.423,34.591,33.948,33.475,33.119,32.802,32.46,32.068,31.615,31.113,30.594,30.088,29.602,29.145,28.721,28.326,27.951,27.591,27.233,26.865,26.476,26.063,25.626,25.167,24.694,24.221,23.76,23.319,22.905,22.525,22.176,21.854,21.554,21.269,20.987,20.7,20.403
Comoros,48.691,48.48,48.215,47.922,47.627,47.352,47.112,46.911,46.752,46.646,46.604,46.632,46.724,46.869,47.056,47.304,47.638,48.041,48.465,48.841,49.038,48.911,48.384,47.439,46.109,44.484,42.702,40.933,39.318,37.936,36.824,35.97,35.293,34.726,34.249,33.856,33.547,33.324,33.181,33.1,33.07,33.086,33.131,33.182,33.209,33.173,33.04,32.792,32.426
Cape Verde,50.456,49.75,48.881,47.869,46.748,45.571,44.396,43.269,42.226,41.288,40.433,39.609,38.777,37.933,37.118,36.435,36.017,35.944,36.237,36.861,37.725,38.701,39.628,40.371,40.853,41.022,40.876,40.489,39.931,39.235,38.433,37.551,36.616,35.654,34.694,33.76,32.865,32.002,31.168,30.365,29.587,28.822,28.06,27.303,26.557,25.845,25.19,24.612,24.121
Costa Rica,45.366,45.001,44.349,43.388,42.141,40.652,38.996,37.284,35.628,34.106,32.796,31.751,30.955,30.384,30.024,29.849,29.818,29.872,29.955,30.026,30.064,30.067,30.045,29.997,29.9,29.721,29.421,28.987,28.419,27.73,26.946,26.101,25.243,24.412,23.633,22.925,22.293,21.719,21.185,20.686,20.204,19.72,19.226,18.721,18.213,17.726,17.294,16.941,16.677
Cuba,31.95,33.187,34.162,34.723,34.8,34.401,33.622,32.639,31.591,30.522,29.405,28.167,26.742,25.123,23.369,21.588,19.919,18.479,17.356,16.587,16.183,16.114,16.27,16.541,16.854,17.128,17.299,17.346,17.259,17.025,16.653,16.169,15.63,15.085,14.563,14.09,13.681,13.33,13.024,12.761,12.525,12.295,12.053,11.789,11.505,11.213,10.933,10.686,10.488
Cayman Islands,,,,,,,,,,,,,,,,,,,,,,,,,,,,,,,,,,,,,,,,,,,,,,,,13.8,
Cyprus,26.57,26.071,25.467,24.768,23.994,23.163,22.292,21.413,20.562,19.78,19.108,18.586,18.223,18.02,17.978,18.096,18.371,18.763,19.223,19.703,20.145,20.492,20.716,20.8,20.734,20.53,20.221,19.854,19.466,19.069,18.656,18.203,17.687,17.101,16.455,15.772,15.076,14.402,13.778,13.224,12.756,12.379,12.08,11.847,11.675,11.561,11.499,11.481,11.496
Czech Republic,15,,14.4,,,14.4,,14.4,,,15.96,,17,,,17.54,,17.9,,,15.44,,13.8,,,13.32,,13,12.8,12.4,12.7,12.6,11.8,11.8,10.3,9.3,9,8.8,8.8,8.7,8.8,8.9,9.095976443,9.183317485,9.568407639,9.986,10.306,11.093,11.47
Germany,17.3,,17.80584671,,,17.4,,16.28658548,,,13.5,,11.68124855,,,9.9,,10.24488627,,,11,,10.79522436,,,10.5,10.9,11.2,11.4,11.2,11.4,10.4,10.1,9.9,9.5,9.3,9.9,9.6,9.7,9.4,9.3,9,8.7,8.6,8.6,8.316,8.166,8.325,8.312
Djibouti,51.109,51.184,51.216,51.195,51.112,50.957,50.723,50.414,50.039,49.606,49.122,48.595,48.037,47.468,46.905,46.371,45.883,45.449,45.072,44.753,44.497,44.303,44.154,44.027,43.899,43.75,43.56,43.314,42.994,42.581,42.045,41.359,40.528,39.574,38.526,37.429,36.336,35.297,34.348,33.508,32.78,32.147,31.572,31.021,30.483,29.952,29.428,28.92,28.435
Dominica,,,,,,,,,,,25.8,,37,32.7,29.2,25.1,24.7,24,24,21,24.8,22.5,23.3,24.3,20.8,21.73333333,,23.6,,,23,,24,,21.6,20.35,19.1,21.5,16.2,,15.8,,15.4,,,,14.9,,
Denmark,16.6,16.6,16.7,17.6,17.7,18,18.4,16.8,15.3,14.6,14.4,15.2,15.1,14.3,14.1,14.2,12.9,12.2,12.2,11.6,11.2,10.4,10.3,9.9,10.1,10.5,10.8,11,11.5,12,12.3,12.5,13.1,13,13.4,13.3,12.9,12.8,12.5,12.4,12.6,12.2,11.9,12,12,11.861,11.952,11.738,11.839
Dominican Republic,51.692,51.041,50.283,49.431,48.5,47.505,46.458,45.373,44.268,43.165,42.078,41.016,39.982,38.986,38.042,37.171,36.393,35.709,35.116,34.605,34.159,33.757,33.373,32.986,32.582,32.158,31.717,31.273,30.832,30.391,29.938,29.457,28.942,28.393,27.819,27.241,26.683,26.168,25.71,25.312,24.971,24.675,24.399,24.125,23.841,23.54,23.217,22.877,22.527
Algeria,50.698,50.584,50.427,50.224,49.98,49.711,49.441,49.189,48.962,48.756,48.559,48.351,48.105,47.798,47.416,46.956,46.42,45.819,45.157,44.431,43.627,42.725,41.719,40.613,39.421,38.166,36.881,35.593,34.322,33.075,31.824,30.523,29.149,27.706,26.232,24.799,23.496,22.397,21.548,20.962,20.629,20.508,20.519,20.589,20.672,20.737,20.769,20.775,20.759
East Asia & Pacific (developing only),26.93801383,,,,,39.11678424,,,,,35.12656256,,,,,26.50859713,,,,,22.33830726,24.18766429,25.06254084,23.4390593,23.09893394,23.76498396,24.59224782,25.06168558,24.20472485,23.47308983,22.93485056,21.7844418,20.61106387,20.30220875,19.84078905,19.24740322,18.97074448,18.51793002,17.71735235,16.8912151,16.35377358,15.8061709,15.36190419,14.97100188,14.81157859,14.81134981,14.51800518,14.44533153,14.39248041
East Asia & Pacific (all income levels),26.5643854,,,,,36.88775418,,,,,33.37509997,,,,,25.53790443,,,,,21.59441362,23.17342223,23.89834222,22.4026482,22.01187653,22.52997536,23.18626274,23.57810733,22.83742378,22.14070423,21.68481219,20.68555694,19.65959358,19.36370785,18.97905628,18.41736108,18.1533375,17.72333005,16.97006594,16.20997123,15.75562016,15.19497166,14.76441384,14.39760737,14.21487615,14.18163538,13.94692532,13.91084186,13.86076347
Europe & Central Asia (developing only),,,,,,,,,,,,,,,,,,,,,20.2704979,20.40977076,20.50689525,21.03462187,20.85017112,20.62618162,20.91045807,20.58501752,19.79833558,18.74788482,17.89473862,17.0161041,16.10877554,15.26300658,14.9000019,14.4951736,14.00205857,13.49738898,13.27309482,12.85583164,12.85004546,12.81579739,13.12734297,13.16485183,13.50719054,13.41861004,13.7118394,14.16540889,14.66298346
Europe & Central Asia (all income levels),21.24079014,,,,,20.26839853,,,,,18.62217252,,,,,17.05723848,,,,,16.61839631,17.17136227,16.46798747,17.23508701,17.07260776,16.22792733,16.35933522,16.17773589,15.80812974,15.21753424,14.87711395,14.36868669,13.78486464,13.1705498,12.84000036,12.51563698,12.30895768,11.99842542,11.84365216,11.60422257,11.66077363,11.51167756,11.57464695,11.65530216,11.87378486,11.80957294,12.01446166,12.25755211,12.61178507
Ecuador,44.429,44.293,44.144,43.974,43.776,43.542,43.267,42.95,42.594,42.202,41.781,41.34,40.888,40.428,39.96,39.478,38.973,38.435,37.857,37.238,36.577,35.875,35.14,34.383,33.614,32.837,32.058,31.281,30.516,29.774,29.075,28.434,27.858,27.345,26.889,26.475,26.084,25.693,25.287,24.857,24.4,23.921,23.435,22.953,22.483,22.031,21.599,21.189,20.8
"Egypt, Arab Rep.",45.982,45.39,44.782,44.182,43.605,43.051,42.507,41.96,41.409,40.871,40.381,39.985,39.707,39.554,39.516,39.564,39.653,39.731,39.757,39.71,39.608,39.487,39.377,39.276,39.147,38.894,38.397,37.593,36.471,35.071,33.497,31.888,30.395,29.133,28.154,27.47,27.042,26.766,26.554,26.367,26.182,25.994,25.814,25.649,25.488,25.319,25.134,24.929,24.698
Euro area,18.70187364,,,,,18.61173643,,,,,16.30211904,,,,,13.95327032,,,,,13.14829382,13.55558295,12.62403313,12.68856134,12.48727471,11.77113581,11.74970045,11.80793915,11.71245572,11.51365533,11.62717974,11.33210011,11.1061074,10.76184442,10.47313602,10.352911,10.53570961,10.42218856,10.4545255,10.43984772,10.65060877,10.38053377,10.28759532,10.32218295,10.37890428,10.26498364,10.32870919,10.30895867,10.48385675
Eritrea,48.96,48.821,48.662,48.492,48.314,48.128,47.923,47.69,47.428,47.141,46.845,46.56,46.299,46.065,45.851,45.634,45.38,45.064,44.677,44.222,43.724,43.216,42.736,42.311,41.951,41.655,41.411,41.192,40.973,40.744,40.487,40.189,39.857,39.501,39.137,38.797,38.521,38.331,38.234,38.222,38.276,38.364,38.439,38.46,38.397,38.223,37.922,37.504,36.983
Spain,21.7,21.2,21.1,21.3,21.9,21,20.6,20.7,20.1,19.9,19.6,19.6,19.4,19.3,19.5,18.8,18.9,18,17.3,16.3,15.2,14.1,13.6,12.7,12.3,11.7,11.2,12.1,10.7,10.4,10.3,10.15,10.2,9.9,9.33,9.1,9.23,9.38,9.28,9.58,9.91,10.1,10.1,10.5,10.6,10.746,10.947,11.001,11.391
Estonia,16.16,,15.8,,,15.2,,14.8,,,15.22,,15.5,,,15.32,,15.2,,,15.5,,15.7,,,15.64,,15.6,16,15.5,14.2,12.4,11.8,10.2,9.7,9.4,9.4,8.7,9,9,9.5,9.3,9,9.6,10.4,10.66,11.073,11.758,11.955
Ethiopia,47.896,47.927,47.961,47.98,47.972,47.927,47.842,47.727,47.591,47.438,47.269,47.083,46.886,46.689,46.504,46.354,46.26,46.231,46.272,46.38,46.55,46.77,47.016,47.264,47.496,47.701,47.875,48.018,48.118,48.159,48.112,47.95,47.661,47.248,46.716,46.078,45.352,44.572,43.774,42.987,42.242,41.565,40.959,40.418,39.939,39.505,39.093,38.676,38.23
European Union,18.521329,,,,,17.91806203,,,,,16.42492836,,,,,14.64142629,,,,,13.98114603,14.12817022,13.35820513,13.42696159,13.34012406,12.79231353,12.66323472,12.71877023,12.65924454,12.42044591,12.37575942,12.04550837,11.73386141,11.32855576,11.01860817,10.70037238,10.75517005,10.58861356,10.52668029,10.46922015,10.5621406,10.32409015,10.17731208,10.30942398,10.4318656,10.40734362,10.54462111,10.61109269,10.85779713
Finland,18.5,18.4,18.1,18.2,17.7,17.1,17,16.8,15.9,14.6,14,13.2,12.7,12.2,13.3,13.9,14.1,13.8,13.4,13.3,13.1,13.2,13.7,13.8,13.4,12.8,12.4,12,12.8,12.8,13.1,13,13.3,12.8,12.8,12.3,11.8,11.5,11.1,11.1,11,10.8,10.7,10.8,11,11.007,11.173,11.105,11.204
Fiji,44.813,43.799,42.692,41.533,40.366,39.213,38.083,36.978,35.915,34.927,34.07,33.401,32.936,32.671,32.584,32.631,32.752,32.876,32.94,32.909,32.759,32.49,32.136,31.73,31.284,30.814,30.336,29.857,29.388,28.935,28.505,28.097,27.703,27.314,26.927,26.534,26.127,25.703,25.262,24.806,24.337,23.862,23.388,22.926,22.481,22.058,21.662,21.292,20.945
France,17.9,18.2,17.7,18.2,18.2,17.8,17.6,17,16.7,16.8,16.8,17.2,17,16.4,15.3,14.1,13.6,14,13.8,14.1,14.9,14.9,14.6,13.7,13.8,13.9,14.1,13.8,13.8,13.5,13.4,13.3,13,12.3,12.2,12.5,12.6,12.4,12.7,12.7,13.2,13.1,12.5,12.7,12.7,12.695,12.989,12.69,12.862
Faeroe Islands,,,,,,,,,,,,,,,,,,,,,,,,,,,,,,,,,,,,,,,,,,,,,,,,14,
"Micronesia, Fed. Sts.",43.569,43.219,42.934,42.707,42.523,42.356,42.178,41.966,41.705,41.389,41.014,40.583,40.121,39.659,39.223,38.862,38.632,38.546,38.591,38.735,38.906,39.015,38.983,38.76,38.332,37.707,36.924,36.064,35.202,34.385,33.664,33.078,32.622,32.276,32.025,31.831,31.643,31.411,31.098,30.688,30.176,29.574,28.92,28.252,27.59,26.951,26.347,25.782,25.256
Gabon,30.595,30.827,31.062,31.29,31.514,31.751,32.03,32.376,32.801,33.299,33.855,34.447,35.04,35.605,36.125,36.586,36.989,37.342,37.652,37.918,38.131,38.285,38.378,38.415,38.405,38.376,38.361,38.375,38.41,38.447,38.432,38.295,37.987,37.487,36.799,35.955,35.007,34.029,33.086,32.212,31.432,30.745,30.127,29.555,29.025,28.535,28.082,27.663,27.273
United Kingdom,17.5,17.9,18.3,18.5,18.8,18.3,17.9,17.5,17.2,16.6,16.2,16.1,14.9,13.9,13.1,12.4,12,11.7,12.2,13.1,13.4,13,12.8,12.8,12.9,13.3,13.3,13.6,13.8,13.6,13.9,13.7,13.5,13.1,12.9,12.5,12.5,12.3,12,11.8,11.4,11.3,10.8,11.6,12,11.997,12.352,12.659,12.935
Georgia,24.253,23.891,23.412,22.824,22.155,21.446,20.752,20.117,19.579,19.154,18.843,18.631,18.477,18.351,18.239,18.139,18.056,17.999,17.971,17.966,17.976,17.997,18.016,18.021,17.997,17.93,17.807,17.624,17.379,17.072,16.696,16.244,15.73,15.172,14.593,14.023,13.49,13.017,12.62,12.311,12.095,11.97,11.915,11.905,11.928,11.968,12.012,12.055,12.087
Ghana,46.925,47.152,47.345,47.497,47.603,47.654,47.645,47.577,47.452,47.274,47.046,46.773,46.464,46.128,45.773,45.409,45.04,44.669,44.296,43.923,43.55,43.175,42.793,42.4,41.994,41.569,41.123,40.655,40.168,39.664,39.147,38.62,38.089,37.561,37.045,36.546,36.072,35.623,35.203,34.812,34.455,34.134,33.845,33.581,33.334,33.096,32.859,32.615,32.355
Gibraltar,,,,,,,,,,,,,,,,,,,,,,,,,,,,,,,,,,,,,,,,,,,,,,,,,
Guinea,49.165,49.197,49.209,49.2,49.172,49.128,49.071,49.007,48.938,48.871,48.808,48.751,48.701,48.655,48.615,48.58,48.552,48.527,48.501,48.47,48.429,48.374,48.301,48.206,48.083,47.926,47.731,47.499,47.23,46.926,46.589,46.221,45.828,45.418,44.996,44.57,44.144,43.72,43.302,42.894,42.502,42.131,41.779,41.44,41.108,40.773,40.422,40.045,39.633
"Gambia, The",47.326,47.712,48.052,48.332,48.547,48.691,48.768,48.79,48.77,48.715,48.635,48.539,48.43,48.309,48.173,48.014,47.82,47.58,47.292,46.961,46.595,46.205,45.807,45.42,45.057,44.736,44.472,44.262,44.1,43.977,43.879,43.788,43.683,43.544,43.358,43.112,42.801,42.432,42.015,41.554,41.056,40.529,39.983,39.428,38.872,38.325,37.791,37.27,36.761
Guinea-Bissau,41.727,41.332,40.673,39.687,38.463,37.393,37.017,37.703,39.576,42.486,45.965,49.35,51.99,53.439,53.566,52.461,50.442,48.081,45.862,44.004,42.644,41.795,41.288,40.983,40.847,40.854,40.98,41.197,41.475,41.78,42.086,42.38,42.66,42.919,43.141,43.308,43.408,43.443,43.415,43.327,43.186,43.004,42.793,42.565,42.324,42.072,41.803,41.51,41.188
Equatorial Guinea,40.22,40.226,40.291,40.408,40.546,40.653,40.661,40.522,40.206,39.709,38.999,38.056,36.943,35.768,34.647,33.775,33.357,33.5,34.237,35.546,37.345,39.498,41.779,43.969,45.921,47.495,48.601,49.27,49.547,49.449,49.017,48.312,47.434,46.476,45.503,44.562,43.67,42.813,41.986,41.211,40.512,39.905,39.392,38.968,38.63,38.374,38.193,38.067,37.971
Greece,18.9,17.9,18,17.5,18,17.7,17.9,18.7,18.2,17.4,16.5,16,15.9,15.4,16.1,15.7,16,15.4,15.5,15.5,15.4,14.5,14,13.5,12.7,11.7,11.3,10.7,10.7,10.1,10.1,10.1,10.1,9.8,10,9.9,9.6,9.8,9.4,9.2,11.7,9.4,9.3,9.3,9.2,9.685,10.05,10,10.278
Grenada,44.854,43.464,41.622,39.42,37.002,34.581,32.381,30.556,29.206,28.381,28.05,28.108,28.368,28.677,28.97,29.234,29.504,29.839,30.269,30.768,31.302,31.832,32.299,32.644,32.818,32.753,32.387,31.728,30.807,29.665,28.368,26.999,25.646,24.388,23.273,22.33,21.552,20.896,20.327,19.842,19.449,19.162,18.983,18.907,18.919,18.999,19.126,19.275,19.419
Greenland,,,,,,,,,,,,,,,,,,,,,,21,,,,21.6,,,,21.8,22.6,21.4,21.6,21.4,20.7,20.1,19,19.6,17.6,16.88057041,15.74733096,16.6282165,16.60777385,15.76675769,,15.12225256,14.8,15.1,14.79844523
Guatemala,46.362,46.156,45.961,45.759,45.54,45.303,45.059,44.824,44.614,44.43,44.277,44.153,44.051,43.962,43.876,43.785,43.685,43.568,43.425,43.247,43.014,42.706,42.322,41.874,41.378,40.868,40.385,39.963,39.618,39.355,39.161,39.006,38.852,38.668,38.443,38.175,37.876,37.566,37.257,36.948,36.632,36.298,35.933,35.529,35.085,34.603,34.09,33.555,33.009
Guam,35.765,35.883,35.772,35.421,34.86,34.164,33.437,32.778,32.252,31.883,31.652,31.5,31.34,31.108,30.782,30.36,29.858,29.32,28.786,28.278,27.812,27.397,27.032,26.715,26.45,26.246,26.114,26.046,26.026,26.033,26.039,26.013,25.93,25.77,25.52,25.168,24.712,24.174,23.578,22.945,22.294,21.646,21.016,20.421,19.876,19.392,18.976,18.618,18.311
Guyana,42.62,42.141,41.736,41.431,41.221,41.041,40.799,40.403,39.801,38.989,38.002,36.902,35.786,34.735,33.79,32.989,32.346,31.826,31.389,31.004,30.619,30.171,29.626,28.975,28.228,27.428,26.64,25.934,25.36,24.936,24.669,24.546,24.515,24.52,24.525,24.488,24.375,24.171,23.87,23.467,22.959,22.355,21.683,20.98,20.272,19.587,18.951,18.375,17.869
High income,21.40386338,,,,,19.88910309,,,,,18.35319983,,,,,15.91261032,,,,,15.4466365,15.58866902,15.04913732,15.06477294,14.86370345,14.30852217,14.05447853,14.01003093,14.07625575,13.96250801,14.14367817,13.9158225,13.65311547,13.28051113,13.0769019,12.75606146,12.72265792,12.51418226,12.37208435,12.23489545,12.36550377,11.92556342,11.72772799,11.79025893,11.75035573,11.62062695,11.78314155,11.88521472,11.99300759
"Hong Kong SAR, China",35.325,35,34,33.5,30.7,28.1,25.3,23.7,21.7,21.3,20,19.7,19.5,19.4,19.1,17.9,17.4,17.5,17.3,16.8,17,16.8,16.4,15.6,14.4,14,13,12.6,13.4,12.3,12,12,12.3,12,11.9,11.2,9.9,9.1,8.1,7.8,8.1,7.2,7.1,6.9,7.2,8.4,9.6,10.2,11.3
Honduras,50.278,49.979,49.704,49.456,49.229,49.004,48.752,48.449,48.084,47.66,47.197,46.724,46.273,45.864,45.502,45.18,44.883,44.584,44.259,43.899,43.493,43.038,42.544,42.02,41.475,40.923,40.383,39.863,39.364,38.881,38.4,37.895,37.347,36.743,36.082,35.37,34.619,33.85,33.088,32.347,31.643,30.989,30.383,29.821,29.302,28.819,28.364,27.923,27.484
Heavily indebted poor countries (HIPC),48.3355111,,,,,48.27739917,,,,,47.96824464,,,,,47.54424279,,,,,46.78586786,46.65730483,46.51783215,46.37877748,46.24898203,46.11193755,45.98125481,45.83497806,45.65910513,45.46570448,45.24888477,45.01902012,44.7638991,44.4658066,44.15409277,43.84620409,43.47719751,43.10431474,42.74362277,42.38362851,42.0207773,41.68747669,41.35723312,41.05184733,40.73439243,40.3992513,40.06705639,39.69726673,39.30640049
Croatia,18.41,,17.59,,,16.576,,15.9,,,15.336,,14.96,,,15.314,,15.55,,,15.04,,14.7,,,13.44,,12.6,12.4,11.8,11.7,10.9,9.9,10.2,10.2,11.2,12,12.2,10.5,9.9,10,9.2,9.9,8.9,9.1,9.563,9.33,9.4,9.9
Haiti,44.156,43.9,43.582,43.193,42.733,42.201,41.596,40.946,40.288,39.66,39.114,38.699,38.444,38.361,38.456,38.739,39.214,39.831,40.522,41.221,41.832,42.259,42.453,42.387,42.054,41.481,40.719,39.86,38.984,38.135,37.345,36.625,35.951,35.305,34.687,34.089,33.501,32.914,32.325,31.735,31.153,30.592,30.064,29.576,29.13,28.722,28.347,27.99,27.643
Hungary,14.7,14,12.9,13.1,13.1,13.1,13.6,14.6,15.1,15,14.7,14.5,14.7,15,17.8,18.4,17.5,16.7,15.8,15,13.9,13.3,12.5,11.9,11.8,12.2,12.1,11.6,11.7,11.9,12.1,12.3,11.8,11.4,11.3,11,10.4,9.9,9.7,9.4,9.6,9.5,9.5,9.5,9.4,9.665,9.916,9.707,9.882
Indonesia,44.862,44.622,44.321,43.979,43.61,43.22,42.809,42.362,41.873,41.341,40.766,40.147,39.489,38.796,38.077,37.342,36.6,35.857,35.118,34.38,33.636,32.87,32.073,31.244,30.389,29.525,28.671,27.848,27.074,26.356,25.697,25.092,24.526,23.992,23.486,23.015,22.588,22.211,21.88,21.587,21.317,21.052,20.776,20.475,20.143,19.779,19.387,18.98,18.569
India,47.58,,47.1,,,44.76,,43.2,,,41.1,,39.7,,,37.48,,36,,,34.425,33.9,33.8,33.7,33.9,32.9,32.6,32.2,31.5,30.6,30.2,29.5,29.2,28.7,28.7,28.3,27.5,27.2,26.5,26.1,25.8,25.4,25,24.8,24.1,23.8,23.5,23.1,22.8
Ireland,21.5,21.2,21.8,22.2,22.4,22.1,21.6,21.1,20.9,21.5,21.8,22.7,22.7,22.4,22.1,21.1,21,21.1,21.2,21.5,21.8,21,20.4,19.1,18.1,17.6,17.3,16.6,15.3,14.7,15.1,16.3,14.5,13.9,13.4,13.5,13.9,14.3,14.5,14.2,14,15.1,15.4,15.5,15.9,14.677,15.076,16.209,16.906
"Iran, Islamic Rep.",45.575,45.503,45.436,45.362,45.268,45.127,44.908,44.609,44.242,43.829,43.416,43.056,42.797,42.668,42.683,42.863,43.223,43.714,44.264,44.799,45.218,45.419,45.334,44.919,44.15,43.021,41.554,39.836,37.956,35.978,33.943,31.871,29.786,27.735,25.786,24.03,22.556,21.394,20.548,20.003,19.715,19.614,19.602,19.597,19.552,19.443,19.276,19.089,18.906
Iraq,41.356,41.707,42.316,43.082,43.896,44.635,45.194,45.539,45.651,45.519,45.167,44.652,44.068,43.491,42.955,42.47,42.021,41.574,41.11,40.635,40.169,39.739,39.365,39.061,38.83,38.664,38.547,38.455,38.368,38.277,38.19,38.122,38.082,38.065,38.051,37.997,37.855,37.592,37.196,36.671,36.042,35.353,34.656,33.992,33.378,32.815,32.286,31.761,31.22
Iceland,28,25.5,25.9,26,25.2,24.4,23.8,22.2,21,20.8,19.7,20.8,22.3,21.7,19.9,20.1,19.5,18,18.6,19.8,19.9,18.8,18.5,18.4,17.2,16,16.1,17,18.7,18,18.7,17.7,17.7,17.5,16.7,16.1,16.1,15.3,15.3,14.8,14,14.4,13.3,14.1,14.5,14.424,14.533,14.636,15.232
Israel,26.9,25.1,24.9,25,25.7,25.8,25.5,23.7,24.9,25.6,26.1,28,27.2,27,27.5,27.6,27.9,26.3,25,24.7,24.3,23.6,24,24,23.7,23.5,23.1,22.7,22.6,22.3,22.2,21.4,21.5,21.3,21.2,21.1,21.3,21.4,21.9,21.5,21.7,21.2,21.2,21.7,21.3,20.8,21,21.1,21.5
Italy,18.1,18.4,18.4,18.8,19.7,19.1,18.7,18,17.6,17.5,16.8,16.8,16.3,16,15.8,14.9,14,13.2,12.6,11.9,11.3,11,10.9,10.6,10.3,10.1,9.7,9.6,9.9,9.7,10,9.9,9.7,9.4,9.3,9.2,9.2,9.2,9,9.3,9.3,9,9.4,9.444774496,9.7,9.453,9.501,9.498,9.624
Jamaica,39.44,,39.6,,,38.22,,37.3,,,34.42,,32.5,,,30.28,,28.8,,,27.636,,26.86,,,26.074,,25.55,,,25.2,25.1,24.3,23.6,24.1,25.5,23.5,23.4,22.2,20.8,20.7,21.2,20,17.94,17.86,17.82,17.37,17.03,16.69
Jordan,49.595,50.688,51.658,52.416,52.911,53.126,53.088,52.877,52.556,52.146,51.645,51.033,50.298,49.445,48.506,47.529,46.569,45.669,44.857,44.144,43.523,42.971,42.439,41.888,41.297,40.642,39.908,39.104,38.252,37.37,36.502,35.697,34.985,34.375,33.857,33.386,32.896,32.329,31.654,30.876,30.031,29.182,28.397,27.725,27.177,26.743,26.391,26.067,25.726
Japan,17.3,17,17.1,17.4,17.8,18.7,13.8,19.4,18.7,18.5,18.7,19.1,19.2,19.4,18.4,17,16.2,15.4,14.8,14.1,13.5,13,12.8,12.7,12.5,11.9,11.4,11.1,10.8,10.2,10,9.9,9.8,9.6,10,9.54,9.6,9.5,9.6,9.3,9.4,9.3,9.3,9.2,8.693604565,8.413292219,8.65,8.63,8.7
Kazakhstan,,,,,,,,,,,,,,,,,,,,24,23.9,24.4,24.4,24.5,25.5,25.1,25.6,25.7,24.8,23,21.7,21,19.9,18.6,18.2,16.7,15.9,14.7,14.3,14.2,14.7,14.9,14.6,15.3,18.2,18.4,19.7,20.79,22.7
Kenya,51.256,51.154,51.043,50.931,50.825,50.738,50.683,50.66,50.667,50.696,50.733,50.762,50.765,50.728,50.643,50.51,50.337,50.135,49.908,49.653,49.364,49.034,48.652,48.206,47.686,47.061,46.301,45.406,44.399,43.316,42.216,41.166,40.225,39.44,38.838,38.431,38.213,38.135,38.15,38.23,38.358,38.523,38.715,38.909,39.074,39.17,39.16,39.027,38.767
Kyrgyz Republic,,,,,,,,,,,,,,,,,,,,30.1,29.6,30.7,31.1,31.3,32,32,32.7,32.7,31.5,30.4,29.3,29.1,28.6,26.1,24.6,26,23.6,22,21.9,21.5,19.8,19.8,19.2,20.9,21.6,21.4,23.3,23.5,24.36
Cambodia,45.107,45.059,45.006,44.937,44.834,44.675,44.434,44.094,43.637,43.053,42.247,41.105,39.649,37.995,36.32,35.019,34.558,35.17,36.894,39.587,42.846,46.108,48.806,50.535,51.147,50.698,49.445,47.845,46.266,44.838,43.59,42.443,41.228,39.835,38.268,36.557,34.754,32.95,31.231,29.658,28.292,27.176,26.299,25.64,25.185,24.909,24.776,24.735,24.733
Kiribati,37,,,,,,,42,,,,,,,,,,,,,,,,,,,,35,,,32.18,,30.3,,,32,,32,,,29.42,,27.7,,,26.6,,,
St. Kitts and Nevis,,,,,,,,,,,25.8,,,,,,26.9,27.8,24.1,27.7,26.8,25.9,29.1,24.1,25.3,23.1,23,23.6,21.3,22.3,22.03333333,,21.5,,,19.4,19.7,20.5,,,18.175,17.4,17.3,,,,,,
"Korea, Rep.",42.12,,39.6,,,34.98,,31.9,,,31.2,31.2,28.5,28,26.6,24.8,22.2,22.7,20.4,23,22.7,22.7,21.8,19.5,16.9,16.2,15.9,15.1,15.2,15.2,15.4,16.6,16.9,16.4,16.3,16,15.3,14.8,13.8,13.2,13.4,11.6,10.3,10.2,9.8,9,9.2,10,9.4
Kosovo,,,,,,,,,,,,,,,,,,,,,,31,33.41,30.76,33.54,32.05,31.75,32.06,31.43,29.38,29.64,27.54,22.99,22.46,21.76,22.07,22.36,20.57,21.23,22.71,22.76,21.74,20.8,18.31,19.95,20.89,19.09,19.25,19.01
Kuwait,43.95,44.239,44.785,45.574,46.534,47.515,48.329,48.823,48.899,48.532,47.767,46.712,45.536,44.376,43.29,42.303,41.396,40.501,39.564,38.571,37.517,36.403,35.239,34.035,32.793,31.488,30.083,28.582,27.015,25.432,23.933,22.629,21.592,20.855,20.414,20.212,20.156,20.13,20.044,19.859,19.577,19.234,18.897,18.614,18.389,18.213,18.062,17.901,17.705
Latin America & Caribbean (developing only),41.64652402,,,,,39.61835175,,,,,36.57254952,,,,,34.24292331,,,,,32.0017366,31.49537861,31.00177296,30.44393607,29.88894617,29.3683636,28.73442981,28.23854712,27.59273098,27.057388,26.75989864,26.15765189,25.74112646,25.19918762,24.80833516,24.3812056,23.9617691,23.54415149,23.16632213,22.92887667,22.54393512,22.07318177,21.49669706,20.9360931,20.42556539,19.98793826,19.57029068,19.16115287,18.77111308
Lao PDR,42.963,42.806,42.695,42.622,42.58,42.569,42.592,42.648,42.728,42.815,42.882,42.895,42.841,42.717,42.533,42.32,42.12,41.973,41.904,41.918,42.01,42.165,42.342,42.502,42.617,42.658,42.603,42.447,42.193,41.838,41.4,40.906,40.376,39.816,39.218,38.529,37.679,36.636,35.408,34.036,32.61,31.245,30.041,29.069,28.353,27.884,27.609,27.435,27.281
Lebanon,38.98,38.569,38.1,37.571,36.987,36.355,35.686,34.997,34.311,33.644,33.014,32.436,31.911,31.442,31.031,30.686,30.411,30.195,30.019,29.864,29.698,29.488,29.215,28.87,28.453,27.981,27.483,26.991,26.529,26.106,25.728,25.391,25.072,24.744,24.385,23.952,23.402,22.721,21.918,21.016,20.062,19.113,18.233,17.469,16.849,16.385,16.07,15.863,15.727
Liberia,54.796,54.574,54.176,53.641,53.002,52.249,51.351,50.306,49.151,47.96,46.866,46.018,45.502,45.355,45.564,46.055,46.707,47.362,47.896,48.251,48.413,48.413,48.332,48.234,48.131,48.019,47.879,47.688,47.428,47.105,46.728,46.318,45.894,45.473,45.061,44.656,44.248,43.824,43.374,42.898,42.399,41.883,41.36,40.837,40.319,39.809,39.309,38.817,38.327
Libya,48.752,48.864,48.982,49.104,49.222,49.331,49.421,49.483,49.509,49.49,49.419,49.286,49.096,48.853,48.566,48.288,48.093,47.987,47.93,47.84,47.524,46.75,45.392,43.42,40.9,38.001,34.965,32.072,29.551,27.518,26.031,25.058,24.441,24.038,23.791,23.653,23.598,23.617,23.691,23.788,23.878,23.945,23.99,24.005,23.978,23.895,23.752,23.552,23.299
St. Lucia,42.24,,42.2,,,41.8,,,,,41.2,,,,,,34.3,35.4,33.9,30.8,30.6,30.6,31.4,31,30,29,28,28.3,,,27.775,27.6,26.1,24.5,25.4,25.5,22.4,23,19.4,18.9,18.2,17.7,16.3,15.5,14.7,14,,,
Latin America & Caribbean (all income levels),41.51328416,,,,,39.47785488,,,,,36.40058725,,,,,34.10002604,,,,,31.89046472,31.38033544,30.97510069,30.32547879,29.76993089,29.2602995,28.71019973,28.14127411,27.56710857,26.96297043,26.66494812,26.05982085,25.64812726,25.10762165,24.72022166,24.2911969,23.87418516,23.45502094,23.07739908,22.84120345,22.46073793,21.98901234,21.41185931,20.85438274,20.35024995,19.91593883,19.50218667,19.09605203,18.7048263
Least developed countries: UN classification,47.68609836,,,,,47.40007768,,,,,47.05250512,,,,,46.48679006,,,,,45.74736049,45.53137248,45.27763476,44.98537789,44.65501547,44.2901271,43.89711108,43.48670029,43.07195284,42.65417842,42.23681195,41.82474497,41.4089315,40.98951215,40.55888129,40.11547134,39.66527428,39.20796165,38.7532634,38.30467069,37.86473028,37.43667549,37.0148297,36.60141517,36.19264815,35.78823984,35.39432013,35.00668289,34.62437634
Low income,47.04385068,,,,,46.73943726,,,,,46.31834171,,,,,45.32193294,,,,,44.30185912,44.11735002,43.88869485,43.61243696,43.29315701,42.92390063,42.52469572,42.09988221,41.65795374,41.21532872,40.77550487,40.34815162,39.92151402,39.47991415,39.04593676,38.63162286,38.19161873,37.76249863,37.35317685,36.95480533,36.56238373,36.19661716,35.83884939,35.50508901,35.17066449,34.83426337,34.51622996,34.18913485,33.86529364
Liechtenstein,,,,,,,,,,,,,,,,,,,,,,,,,,,,,,,,,,,,,,,,,,,,,,10.96,10.3,9.95,9.9
Sri Lanka,36.046,,34.308,,,32.9874,,32.107,,,30.9418,,30.165,,,29.0604,,28.324,,,26.4898,,25.267,,,23.0254,,21.531,,,20.841,,20.381,,,19.064,,18.186,,,18.4,18.9,19.1,18.9,18.5,18.8,18.7,19,18.8
Lower middle income,34.62020588,,,,,40.8278273,,,,,37.48662312,,,,,31.66436231,,,,,28.56451064,29.46652403,29.91714159,29.01993677,28.89269575,28.95128447,29.34790635,29.40049152,28.70678899,27.94927107,27.41841034,26.54696381,25.70891052,25.32684006,24.99499147,24.4900774,24.06031331,23.66376667,23.01198254,22.41646368,22.00327829,21.5794525,21.23674553,20.954422,20.66651904,20.56701491,20.32628309,20.1640759,20.03543169
Low & middle income,36.86187371,,,,,41.01698906,,,,,38.19168322,,,,,33.551752,,,,,30.36895808,30.95637364,31.19102258,30.54924776,30.35513963,30.25098241,30.44828527,30.32476198,29.67249787,28.9556899,28.40304159,27.59370032,26.83626935,26.42446181,26.07423722,25.56876917,25.17652396,24.76291148,24.23849041,23.75004134,23.39766415,23.0382472,22.73571645,22.47361551,22.21744828,22.07377744,21.85238873,21.69854138,21.57019592
Lesotho,42.264,42.278,42.299,42.328,42.364,42.411,42.469,42.537,42.609,42.678,42.739,42.785,42.809,42.806,42.767,42.69,42.572,42.414,42.216,41.977,41.691,41.355,40.968,40.533,40.054,39.528,38.952,38.334,37.689,37.038,36.415,35.859,35.387,35.003,34.7,34.447,34.201,33.92,33.572,33.15,32.658,32.117,31.564,31.03,30.53,30.074,29.664,29.29,28.942
Lithuania,20.92,,20.4,,,18.78,,17.7,,,17.04,,16.6,,,15.64,,15,,,15.48,,15.8,,,15.74,,15.7,15.5,15.2,15.3,15,14.3,12.5,11.5,11.1,10.6,10.3,10.1,9.8,9.2,9,9.2,8.8,8.8,8.945,9.212,9.582,10.442
Luxembourg,15.9,16,15.9,15.7,15.8,15.9,15.5,14.8,14,13.3,13,12.9,11.7,10.8,11,11,10.8,11.2,11.2,11.2,11.4,12.1,11.8,11.4,11.5,11.2,11.7,11.4,12.3,12.4,12.9,12.9,12.6,13.4,13.5,13.2,13.7,13.1,12.6,12.9,13.1,12.4,12.2,11.5,12,11.547,11.666,11.411,11.452
Latvia,15.8,,15.4,,,14.56,,14,,,14.3,,14.5,,,14.2,,14,,,14.66,,15.1,,,15.16,,15.2,15.5,14.6,14.2,13,12,10.3,9.5,8.6,7.9,7.7,7.6,8.1,8.5,8.3,8.2,8.8,8.8,9.344,9.731,10.225,10.568
"Macao SAR, China",31.205,31.111,30.603,29.57,28.026,26.128,24.138,22.355,20.99,20.104,19.631,19.396,19.183,18.854,18.409,17.975,17.76,17.938,18.582,19.644,20.972,22.342,23.509,24.283,24.585,24.396,23.779,22.899,21.898,20.837,19.747,18.628,17.459,16.238,14.997,13.765,12.565,11.425,10.374,9.444,8.676,8.105,7.729,7.533,7.498,7.591,7.771,7.99,8.204
Morocco,50.4,50.307,50.16,49.948,49.671,49.339,48.974,48.587,48.18,47.74,47.222,46.566,45.746,44.762,43.645,42.472,41.342,40.336,39.498,38.833,38.297,37.813,37.282,36.633,35.843,34.912,33.866,32.77,31.678,30.615,29.598,28.633,27.708,26.819,25.971,25.168,24.409,23.696,23.033,22.427,21.894,21.454,21.11,20.859,20.69,20.585,20.523,20.477,20.423
Monaco,,,,,,,,,,,,,,,,,,,,,,,,,,,,,,,,,,,,,,,,,,,,,,,,,
Moldova,26.599,25.736,24.767,23.72,22.638,21.582,20.616,19.786,19.127,18.659,18.385,18.287,18.317,18.43,18.604,18.834,19.123,19.474,19.875,20.299,20.726,21.139,21.509,21.803,21.981,21.981,21.739,21.245,20.517,19.589,18.521,17.393,16.292,15.29,14.43,13.733,13.187,12.746,12.373,12.062,11.817,11.651,11.572,11.576,11.653,11.785,11.955,12.141,12.32
Madagascar,48.549,48.428,48.304,48.185,48.076,47.994,47.952,47.952,47.989,48.051,48.129,48.209,48.269,48.279,48.213,48.008,47.598,46.977,46.178,45.259,44.338,43.561,43.035,42.819,42.916,43.274,43.795,44.334,44.774,45.058,45.159,45.089,44.91,44.666,44.367,44.009,43.581,43.075,42.491,41.843,41.148,40.428,39.704,38.994,38.313,37.666,37.055,36.468,35.896
Maldives,41.741,41.347,40.978,40.642,40.346,40.104,39.928,39.822,39.788,39.826,39.939,40.131,40.388,40.69,41.013,41.325,41.589,41.788,41.91,41.954,41.949,41.942,41.963,42.019,42.088,42.131,42.096,41.919,41.542,40.927,40.014,38.756,37.177,35.333,33.29,31.131,28.947,26.835,24.884,23.166,21.74,20.635,19.811,19.222,18.842,18.641,18.582,18.621,18.709
Middle East & North Africa (all income levels),46.72170158,,,,,45.66448645,,,,,44.0635809,,,,,42.66936609,,,,,41.85568488,41.84102035,41.24138648,41.05370272,40.47049248,39.45039295,38.83762651,37.50123152,36.61586659,35.3586719,33.77222702,32.51679287,31.45696984,30.17097451,29.08446048,28.19056498,27.262521,26.74945225,26.20081821,25.72914553,25.39408632,25.09806776,24.86751793,24.68892097,24.48648576,24.29671606,24.10286192,23.90513317,23.70764991
Mexico,45.737,45.338,44.968,44.64,44.358,44.134,43.976,43.864,43.763,43.637,43.424,43.056,42.501,41.746,40.801,39.695,38.478,37.224,35.999,34.846,33.8,32.873,32.049,31.31,30.654,30.083,29.597,29.182,28.815,28.473,28.84616827,28.31500983,27.75030868,27.1466741,26.56132958,25.77545016,25.02389963,24.18604212,23.97138286,24.20228688,23.74653963,22.88632886,21.61519509,20.52023598,19.71017594,19.29582947,18.97207744,18.63806113,18.32806384
Marshall Islands,,,,,,,,,,,,,,,,,,,,,,,,,,,,39,,,,,,,,,26.1,,,41.8,40.66666667,,,,,35,35,35,
Middle income,35.51033112,,,,,40.24348792,,,,,37.08879637,,,,,31.93334348,,,,,28.48033587,29.1353973,29.44535334,28.71444679,28.5227325,28.4659978,28.71062444,28.64139666,27.92397713,27.15341101,26.59320125,25.69772101,24.89468016,24.44576289,24.1015336,23.5780083,23.15986307,22.74306219,22.17129392,21.64768619,21.28989635,20.91010083,20.59499158,20.32268784,20.05730485,19.92354461,19.69570735,19.54840129,19.43106087
"Macedonia, FYR",31.435,30.515,29.64,28.827,28.084,27.397,26.738,26.08,25.407,24.725,24.059,23.444,22.912,22.48,22.146,21.897,21.709,21.542,21.366,21.16,20.91,20.612,20.277,19.917,19.536,19.146,18.758,18.38,18.015,17.661,17.306,16.933,16.529,16.088,15.612,15.108,14.592,14.08,13.593,13.139,12.728,12.36,12.031,11.737,11.481,11.266,11.098,10.977,10.898
Mali,48.262,48.273,48.276,48.291,48.326,48.364,48.371,48.315,48.179,47.969,47.709,47.431,47.175,46.971,46.832,46.765,46.762,46.799,46.855,46.919,46.985,47.049,47.111,47.167,47.208,47.222,47.203,47.143,47.041,46.893,46.693,46.436,46.13,45.786,45.418,45.043,44.682,44.348,44.053,43.803,43.607,43.466,43.367,43.291,43.221,43.136,43.015,42.844,42.61
Malta,26.1,23.3,22.8,20.3,19.8,17.6,16.8,16.7,16.1,15.8,16.3,17.1,16.9,17.5,17.6,18.3,18,17.9,17.4,16.9,15.4,15,14.4,15,14.8,14.2,15.3,15.8,15.8,15.9,15.2,15.2,15.2,14.1,13.1,12.4,12.2,12.4,11.9,11.2,10.8,10,12.2,10,9.7,9.553,9.559,9.463,10.018
Myanmar,42.843,42.354,41.891,41.455,41.05,40.689,40.391,40.156,39.974,39.821,39.655,39.424,39.094,38.65,38.093,37.457,36.793,36.154,35.572,35.05,34.562,34.062,33.499,32.842,32.085,31.243,30.343,29.429,28.541,27.696,26.902,26.152,25.432,24.736,24.075,23.466,22.934,22.491,22.143,21.882,21.697,21.569,21.47,21.374,21.263,21.124,20.951,20.751,20.528
Middle East & North Africa (developing only),47.11837758,,,,,46.05486881,,,,,44.35568658,,,,,42.89466514,,,,,42.33418061,42.42537834,41.79680212,41.67388243,41.08931169,39.99128726,39.39545863,37.95570358,37.06045604,35.74236585,34.04938896,32.73179177,31.58358715,30.24705269,29.12578196,28.27060937,27.30333658,26.79805208,26.24028959,25.78724478,25.47295201,25.2173962,25.01882805,24.8728239,24.71683239,24.57550819,24.41064996,24.23926459,24.05489689
Montenegro,14.168,13.825,13.456,13.065,12.658,12.245,11.837,11.445,11.08,10.747,10.452,10.196,9.973,9.777,9.606,9.459,9.337,9.236,9.153,9.08,8.992,8.856,8.669,8.45,8.234,8.106,8.17,8.482,9.054,9.854,10.799,11.768,12.635,13.305,13.739,13.933,13.927,13.813,13.665,13.514,13.373,13.236,13.084,12.906,12.713,12.521,12.35,12.212,12.117
Mongolia,43.398,43.346,43.268,43.16,43.021,42.86,42.688,42.517,42.35,42.182,42,41.78,41.508,41.178,40.792,40.367,39.927,39.497,39.091,38.717,38.38,38.084,37.808,37.522,37.196,36.79,36.261,35.586,34.751,33.755,32.589,31.255,29.795,28.26,26.702,25.176,23.731,22.404,21.228,20.234,19.456,18.914,18.582,18.421,18.398,18.469,18.585,18.703,18.785
Northern Mariana Islands,,,,,,,,,,,,,,,,,,,,,,,,,,,,,,,,,,,,,,,,,,,,,,,,,
Mozambique,48.878,48.773,48.661,48.544,48.423,48.296,48.162,48.02,47.872,47.721,47.576,47.446,47.336,47.245,47.169,47.103,47.039,46.963,46.862,46.726,46.536,46.274,45.939,45.546,45.111,44.669,44.257,43.907,43.642,43.47,43.386,43.372,43.396,43.43,43.461,43.493,43.544,43.622,43.716,43.802,43.83,43.746,43.514,43.115,42.549,41.832,40.997,40.1,39.192
Mauritania,50.146,49.935,49.675,49.383,49.075,48.764,48.456,48.146,47.832,47.515,47.195,46.869,46.533,46.184,45.819,45.436,45.03,44.601,44.156,43.701,43.25,42.816,42.408,42.033,41.691,41.378,41.086,40.8,40.51,40.211,39.9,39.577,39.246,38.913,38.579,38.245,37.914,37.586,37.26,36.934,36.606,36.275,35.937,35.588,35.225,34.844,34.445,34.026,33.587
Mauritius,,39.7,38.8,40.4,38.9,36,36,31,31.6,27.7,27.5,26.1,25.3,23,27.3,25.3,25.8,26,27.1,27.5,27.2,25.5,22.6,21,20.1,19,18.6,19.3,20.1,20.8,21.3,20.7,21.1,20.3,19.6,18.3,18.3,17.4,16.7,17.3,17,16.4,16.5,15.8,15.6,15.1,14.1,13.5,12.9
Malawi,53.923,54.21,54.493,54.766,55.024,55.265,55.488,55.697,55.896,56.085,56.279,56.499,56.743,56.993,57.216,57.346,57.303,57.044,56.56,55.872,55.041,54.154,53.305,52.568,51.972,51.525,51.197,50.926,50.657,50.369,50.052,49.708,49.35,48.984,48.602,48.194,47.746,47.248,46.701,46.104,45.463,44.784,44.083,43.378,42.682,42.01,41.375,40.779,40.224
Malaysia,44.687,44.155,43.502,42.737,41.881,40.971,40.048,39.142,38.273,37.446,36.62,35.732,34.746,33.669,32.549,31.497,30.654,30.12,29.942,30.108,30.564,31.212,31.903,32.5,32.922,33.093,32.972,32.599,32.023,31.274,30.397,29.447,28.484,27.563,26.72,25.981,25.353,24.807,24.318,23.876,23.468,23.079,22.697,22.314,21.925,21.528,21.132,20.745,20.376
Mayotte,43.105,43.482,43.883,44.302,44.735,45.195,45.705,46.26,46.834,47.385,47.831,48.078,48.074,47.804,47.285,46.576,45.766,44.962,44.25,43.671,43.242,42.945,42.721,42.519,42.318,42.105,41.874,41.629,41.369,41.088,40.791,40.488,40.179,39.849,39.474,,,,,,,,31.37,30.015,28.752,27.62,26.64,25.799,25.081
North America,23.97152386,,,,,19.57523006,,,,,18.30628713,,,,,14.71673731,,,,,15.85096517,15.66084382,15.82150927,15.45090415,15.63109343,15.62124158,15.40161337,15.39136621,15.76126075,16.07000433,16.5292753,16.15955429,15.77987174,15.30993514,14.99070106,14.58128939,14.52206876,14.30274798,14.28378739,14.17484777,14.32620452,13.75584662,13.58552402,13.7819257,13.78733618,13.66993909,13.869618,13.94293964,13.99970518
Namibia,42.444,42.358,42.284,42.225,42.192,42.208,42.298,42.472,42.723,43.035,43.379,43.721,44.021,44.243,44.363,44.359,44.218,43.959,43.603,43.167,42.677,42.159,41.639,41.132,40.652,40.202,39.778,39.361,38.931,38.477,37.981,37.423,36.801,36.119,35.389,34.628,33.863,33.119,32.418,31.77,31.182,30.651,30.161,29.696,29.251,28.818,28.392,27.971,27.555
New Caledonia,34,,32.4,,,34.5,,35.4,,,35,,34.6,,32,31.1,29,28.8,26.4,,26.2,27.7,26.5,25.2,,23.4,,23.8,,,25.6,,24,,23.2,21.9,,22,21.3,,21.4,19.9,18.9,18.2,17.3,17.2,17.7,16.9,16.2
Niger,56.358,56.759,57.11,57.396,57.611,57.743,57.787,57.754,57.658,57.518,57.353,57.19,57.044,56.93,56.853,56.812,56.8,56.796,56.786,56.762,56.72,56.66,56.585,56.5,56.404,56.3,56.189,56.073,55.95,55.818,55.677,55.523,55.353,55.164,54.953,54.706,54.401,54.042,53.645,53.235,52.878,52.649,52.587,52.693,52.936,53.242,53.503,53.624,53.536
Nigeria,47.576,47.48,47.376,47.268,47.165,47.083,47.038,47.042,47.099,47.208,47.368,47.57,47.797,48.03,48.251,48.448,48.606,48.723,48.793,48.809,48.765,48.658,48.493,48.278,48.022,47.731,47.413,47.078,46.732,46.383,46.036,45.693,45.349,45.005,44.66,44.316,43.974,43.633,43.294,42.955,42.624,42.307,42.003,41.706,41.406,41.084,40.723,40.307,39.826
Nicaragua,51.47,50.355,49.294,48.354,47.579,47.001,46.623,46.398,46.274,46.222,46.213,46.218,46.214,46.177,46.087,45.932,45.715,45.446,45.132,44.762,44.316,43.764,43.099,42.33,41.475,40.581,39.702,38.881,38.139,37.475,36.857,36.228,35.533,34.735,33.834,32.84,31.783,30.718,29.696,28.746,27.902,27.185,26.588,26.095,25.697,25.377,25.11,24.868,24.624
Netherlands,20.8,21.3,20.9,20.9,20.7,19.9,19.2,18.9,18.6,19.2,18.3,17.2,16.1,14.5,13.7,13,12.9,12.5,12.6,12.5,12.8,12.5,12,11.8,12.1,12.3,12.7,12.7,12.6,12.7,13.2,13.2,13,12.8,12.7,12.3,12.2,12.2,12.7,12.7,13,12.6,12.5,12.4,11.9,11.514,11.321,11.069,11.229
High income: nonOECD,34.41128683,,,,,30.81707743,,,,,27.33837347,,,,,25.72225621,,,,,25.82539609,27.50805544,25.44755199,26.21142112,25.61466077,23.42442538,24.26169029,22.54754823,23.18186051,22.04903989,22.01161714,21.24842644,20.76593813,20.3894286,19.92996598,19.63497273,19.22200184,18.62577703,17.57233422,17.43197037,17.50002685,16.5541096,16.15392411,15.62808869,15.35117549,15.18443979,15.11272631,15.00627294,14.91058454
Norway,17.3,17.3,17.1,17.3,17.7,17.8,17.9,17.6,17.6,17.6,16.6,16.8,16.3,15.5,14.9,14,13.2,12.5,12.7,12.6,12.4,12.3,12.4,12,12.1,12.3,12.6,13,13.7,14,14.4,14.3,14,13.8,13.9,13.8,13.8,13.5,13.1,13.3,13.2,12.6,12.2,12,12.4,12.276,12.561,12.414,12.688
Nepal,44.49,44.487,44.462,44.414,44.344,44.254,44.149,44.031,43.905,43.772,43.638,43.503,43.366,43.225,43.075,42.911,42.725,42.513,42.271,42,41.701,41.377,41.034,40.682,40.327,39.981,39.655,39.351,39.064,38.786,38.508,38.215,37.89,37.516,37.077,36.554,35.933,35.215,34.41,33.529,32.584,31.586,30.559,29.533,28.538,27.605,26.764,26.023,25.385
New Zealand,26.5,27.1,26.2,25.5,24.2,22.9,22.5,22.5,22.7,22.3,22.1,22.6,21.8,20.5,19.6,18.3,17.7,17.3,16.3,16.8,16.2,16.2,15.8,15.8,16,15.9,16.3,16.8,17.3,17.5,17.5,17.4,17.28,16.53,16.2,15.97,15.44,15.29,15.15,14.89,14.9,14.4,13.8,13.8,14.4,14.1,14.29,15.14,15.06
High income: OECD,20.78992383,,,,,19.33387119,,,,,17.86512895,,,,,15.34096581,,,,,14.78287806,14.85658239,14.39508064,14.34810116,14.15855305,13.66405484,13.45993015,13.3864146,13.43799726,13.35454638,13.54254101,13.36168109,13.12143693,12.74640079,12.55567678,12.21345907,12.2057479,12.02192088,11.9498787,11.8099833,11.94091694,11.54017642,11.35588543,11.46729157,11.44516122,11.31445267,11.49480529,11.61188762,11.73546782
OECD members,23.05062728,,,,,21.62824425,,,,,20.30365219,,,,,17.86138697,,,,,17.0331209,17.26149355,16.59438872,16.70654686,16.47818553,15.78743145,15.57186673,15.4322138,15.42861073,15.31484728,15.49469466,15.29120993,15.03521996,14.65962623,14.44002073,14.07064185,13.98138276,13.73028924,13.62357862,13.49555894,13.53867951,13.09733096,12.80593914,12.78226333,12.67495274,12.51477418,12.62680799,12.68501593,12.75082064
Oman,50.645,50.55,50.461,50.377,50.297,50.222,50.154,50.088,50.021,49.945,49.852,49.736,49.591,49.411,49.194,48.944,48.669,48.375,48.058,47.71,47.318,46.869,46.345,45.73,45.011,44.16,43.148,41.979,40.678,39.275,37.827,36.397,35.036,33.78,32.642,31.599,30.605,29.606,28.573,27.509,26.445,25.426,24.506,23.724,23.092,22.62,22.299,22.093,21.961
Pakistan,39.117,39.467,39.866,40.312,40.795,41.3,41.81,42.299,42.741,43.117,43.397,43.56,43.608,43.552,43.408,43.198,42.953,42.705,42.484,42.306,42.202,42.192,42.26,42.372,42.493,42.56,42.498,42.262,41.827,41.196,40.392,39.462,38.481,37.513,36.6,35.769,35.029,34.364,33.756,33.207,32.715,32.28,31.891,31.539,31.214,30.911,30.626,30.354,30.086
Panama,40.578,40.543,40.466,40.342,40.16,39.912,39.588,39.185,38.701,38.139,37.49,36.747,35.92,35.032,34.108,33.181,32.289,31.456,30.706,30.052,29.504,29.064,28.706,28.402,28.135,27.874,27.592,27.277,26.922,26.53,26.115,25.707,25.331,25.008,24.739,24.518,24.329,24.146,23.947,23.722,23.463,23.167,22.843,22.5,22.142,21.772,21.395,21.016,20.64
Peru,46.718,46.565,46.334,46.016,45.608,45.116,44.552,43.941,43.308,42.669,42.046,41.455,40.895,40.361,39.843,39.317,38.748,38.115,37.409,36.64,35.834,35.03,34.268,33.575,32.958,32.413,31.919,31.443,30.957,30.447,29.905,29.328,28.726,28.111,27.491,26.874,26.27,25.686,25.13,24.606,24.119,23.673,23.262,22.878,22.516,22.167,21.819,21.467,21.107
Philippines,44.649,44.198,43.757,43.328,42.908,42.492,42.073,41.647,41.212,40.773,40.338,39.92,39.53,39.17,38.837,38.521,38.204,37.872,37.515,37.132,36.729,36.321,35.923,35.543,35.184,34.839,34.499,34.152,33.784,33.389,32.96,32.492,31.99,31.46,30.908,30.34,29.76,29.177,28.603,28.048,27.526,27.052,26.628,26.252,25.919,25.616,25.327,25.035,24.728
Palau,,,,,,,,,,,,,,,,,,,,,,,,,,,,,,,21.6,22.3,23.6,21.7,22.3,23.2,20.2,18.3,15.1,132,14.5,15.3,13,15.4,12.6,14,12,,
Papua New Guinea,42.449,42.382,42.309,42.226,42.136,42.046,41.968,41.907,41.863,41.828,41.788,41.725,41.623,41.467,41.251,40.964,40.6,40.172,39.701,39.206,38.715,38.259,37.859,37.529,37.276,37.1,36.987,36.914,36.861,36.818,36.791,36.792,36.827,36.888,36.954,36.989,36.951,36.811,36.555,36.182,35.705,35.155,34.573,33.993,33.434,32.905,32.404,31.916,31.427
Poland,22.6,20.9,19.8,19.2,18.1,17.4,16.8,16.3,16.2,16.3,16.8,17.2,17.5,18,18.5,19,19.6,19.2,19.1,19.6,19.5,19,19.5,19.7,19,18.2,17,16.1,15.6,14.9,14.3,14.3,13.5,12.8,12.5,11.2,11.1,10.7,10.2,9.9,9.8,9.5,9.3,9.2,9.3,9.547,9.812,10.175,10.872
Puerto Rico,32.4,31.4,31.3,31,31,30.7,28.9,26.7,25.5,24.9,24.8,25.6,24,23.3,24.3,23.8,24.2,24.5,24.1,23.4,22.8,22,,20.1,19.3,19.4,,19.5,,19.1,18.5,18.1,17.8,17.9,17.5,17,16.9,16.2,15.7,15.6,15.6,14.58,13.7,13.1,13.15,13.03,12.91,12.72,11.82237758
"Korea, Dem. Rep.",35.162,34.67,34.334,34.297,34.591,35.13,35.731,36.132,36.131,35.652,34.621,33.011,30.961,28.651,26.232,23.938,22.01,20.58,19.711,19.407,19.566,20.005,20.488,20.832,20.968,20.903,20.718,20.546,20.477,20.512,20.613,20.712,20.725,20.592,20.298,19.841,19.245,18.568,17.866,17.173,16.521,15.931,15.403,14.94,14.551,14.242,14.011,13.846,13.732
Portugal,23.9,24.3,24.4,23.4,23.8,23,22.7,22.2,21.4,20.9,20,21,20.2,20,19.6,19.8,20,19.1,17.5,16.6,16.2,15.4,15.2,14.4,14.2,12.8,12.4,12,11.2,12,11.8,11.8,11.6,11.5,11,10.8,11.2,11.4,11.5,11.6,11.6,10.8,11.7,10.8,10.4,10.37,9.963,9.661,9.847
Paraguay,41.939,41.674,41.412,41.142,40.851,40.501,40.052,39.49,38.829,38.099,37.356,36.675,36.119,35.732,35.53,35.521,35.689,35.973,36.306,36.639,36.915,37.084,37.125,37.028,36.784,36.4,35.898,35.321,34.709,34.086,33.469,32.866,32.273,31.687,31.114,30.559,30.024,29.505,29.001,28.512,28.036,27.574,27.124,26.684,26.254,25.833,25.421,25.018,24.625
French Polynesia,44.73,44.71,44.713,44.733,44.737,44.641,44.336,43.754,42.869,41.704,40.321,38.817,37.317,35.926,34.706,33.697,32.9,32.263,31.74,31.315,30.985,30.755,30.61,30.523,30.453,30.342,30.131,29.787,29.293,28.645,27.855,26.951,25.991,25.029,24.099,23.232,22.444,21.731,21.091,20.527,20.041,19.632,19.286,18.99,18.733,18.509,18.313,18.141,17.986
Qatar,42.349,41.767,41.162,40.526,39.85,39.102,38.247,37.28,36.218,35.094,33.968,32.914,31.99,31.235,30.663,30.269,30.026,29.87,29.739,29.595,29.404,29.144,28.816,28.419,27.942,27.368,26.681,25.897,25.043,24.15,23.276,22.489,21.824,21.295,20.89,20.563,20.246,19.864,19.366,18.738,17.98,17.118,16.213,15.32,14.474,13.712,13.059,12.516,12.075
Russian Federation,,,,,,,,,,,,,,,,,,,,15.8,15.9,16,16.6,17.5,16.9,16.6,17.2,17.2,16,14.6,13.4,12.1,10.7,9.4,9.5,9.3,8.9,8.6,8.8,8.3,8.7,9.1,9.8,10.2,10.4,10.2,10.4,11.3,12.1
Rwanda,52.895,52.889,52.866,52.832,52.796,52.758,52.717,52.672,52.627,52.588,52.563,52.56,52.587,52.651,52.757,52.932,53.209,53.582,54.02,54.476,54.886,55.177,55.283,55.145,54.723,53.949,52.766,51.219,49.397,47.402,45.392,43.54,41.977,40.792,40.025,39.669,39.658,39.848,40.112,40.384,40.618,40.795,40.935,41.051,41.131,41.173,41.185,41.173,41.132
South Asia,46.68784027,,,,,44.60565954,,,,,41.91851208,,,,,39.0972799,,,,,36.44551326,36.12938304,35.79609385,35.80472294,35.86405464,34.80352933,34.64105476,33.99919167,33.50407784,32.64383916,31.98360507,31.43225581,30.85787163,30.45344871,30.28058249,29.65691046,29.05382303,28.53266948,28.01144259,27.57233865,27.08943826,26.66620872,26.23816793,25.95295592,25.29534059,24.94913233,24.6047387,24.20356467,23.88206747
Saudi Arabia,48.895,48.892,48.859,48.789,48.683,48.549,48.406,48.269,48.145,48.034,47.934,47.842,47.739,47.599,47.4,47.097,46.645,46.031,45.264,44.365,43.387,42.398,41.461,40.615,39.873,39.219,38.611,37.989,37.309,36.559,35.738,34.86,33.956,33.06,32.188,31.355,30.573,29.841,29.153,28.508,27.894,27.297,26.703,26.108,25.513,24.93,24.377,23.872,23.424
Sudan,46.4,46.349,46.304,46.267,46.241,46.224,46.215,46.206,46.191,46.164,46.119,46.053,45.963,45.849,45.708,45.541,45.348,45.131,44.894,44.637,44.362,44.065,43.747,43.412,43.063,42.709,42.359,42.019,41.689,41.369,41.056,40.745,40.425,40.086,39.715,39.299,38.822,38.281,37.681,37.03,36.343,35.64,34.942,34.267,33.622,33.01,32.426,31.857,31.293
Senegal,48.844,49.059,49.281,49.529,49.807,50.103,50.392,50.636,50.808,50.897,50.901,50.829,50.699,50.527,50.318,50.072,49.782,49.445,49.062,48.641,48.19,47.721,47.245,46.774,46.319,45.893,45.505,45.153,44.83,44.53,44.24,43.941,43.62,43.268,42.885,42.47,42.033,41.589,41.154,40.74,40.367,40.057,39.808,39.609,39.444,39.279,39.077,38.803,38.435
Singapore,38.5,36.2,34.8,34.3,32.8,30.7,29.5,26.8,24.5,22.8,23,22.7,23.4,22.2,19.6,17.7,18.7,16.5,16.8,17.1,17.1,17,17.3,16.3,16.5,16.6,14.8,16.6,19.8,17.5,18.4,17.3,17,17,16.4,15.7,16,12.7,13.2,12.8,11.8,11.8,11.4,10.5,10.3,10.2,10.3,10,10.2
Solomon Islands,43.968,43.865,43.739,43.617,43.53,43.536,43.695,44.019,44.492,45.075,45.699,46.274,46.714,46.949,46.945,46.67,46.118,45.353,44.455,43.486,42.538,41.701,41.028,40.544,40.254,40.131,40.116,40.121,40.076,39.945,39.711,39.379,38.984,38.555,38.098,37.62,37.122,36.603,36.065,35.514,34.957,34.397,33.839,33.284,32.731,32.177,31.615,31.038,30.447
Sierra Leone,46.287,46.402,46.494,46.557,46.591,46.595,46.574,46.537,46.488,46.429,46.361,46.284,46.194,46.087,45.96,45.804,45.611,45.379,45.111,44.814,44.494,44.161,43.829,43.51,43.218,42.965,42.758,42.598,42.482,42.408,42.377,42.387,42.428,42.486,42.55,42.605,42.64,42.646,42.616,42.545,42.428,42.266,42.066,41.834,41.574,41.288,40.981,40.653,40.305
El Salvador,48.086,47.916,47.631,47.231,46.731,46.152,45.524,44.882,44.253,43.658,43.115,42.631,42.193,41.78,41.378,40.961,40.502,39.982,39.393,38.735,38.016,37.254,36.478,35.716,34.982,34.293,33.66,33.076,32.532,32.021,31.54,31.084,30.638,30.181,29.692,29.125,28.433,27.605,26.654,25.609,24.528,23.482,22.54,21.754,21.147,20.724,20.468,20.322,20.235
San Marino,,,,,,,,,,,,,,,,,,,,,,,,,,,,,,,,,,,,,,,,,,,,,,9.5,10,9.5,11
Somalia,51.429,51.238,51.082,50.961,50.875,50.813,50.764,50.716,50.662,50.597,50.545,50.542,50.596,50.688,50.78,50.768,50.529,49.999,49.176,48.107,46.917,45.775,44.84,44.22,43.949,44.001,44.29,44.67,45.022,45.296,45.47,45.556,45.607,45.659,45.717,45.782,45.849,45.908,45.945,45.953,45.923,45.848,45.725,45.555,45.339,45.08,44.782,44.455,44.105
Serbia,,,,,,,,,,,,,,,,,,,,,,,,,,,,,,,,11.9,11.665,,,10.96,,10.49,10.09,9.6,9.8,10.5,10.4,10.6,10.5,9.7,9.58,9.22,9.4
Sub-Saharan Africa (developing only),47.76795668,,,,,47.49091531,,,,,47.22209852,,,,,47.14306717,,,,,46.70184209,46.53024175,46.33757278,46.13662516,45.9264604,45.70241742,45.46329253,45.20718607,44.93221988,44.63365243,44.31433773,43.98291071,43.63788229,43.29036564,42.93547984,42.57578563,42.22448995,41.87793289,41.54270826,41.22305195,40.91767082,40.63187618,40.36161971,40.09320262,39.81829658,39.52442837,39.20170209,38.84698119,38.45505941
Sub-Saharan Africa (all income levels),47.75963114,,,,,47.48378764,,,,,47.2139541,,,,,47.13358505,,,,,46.69651932,46.52613794,46.33478422,46.13522433,45.9264567,45.70367732,45.46554513,45.21013518,44.93558606,44.63717739,44.31779922,43.98612259,43.64072254,43.29277055,42.93743429,42.57730852,42.22560538,41.87865858,41.54305404,41.22304251,40.91735171,40.63130228,40.36085155,40.09230832,39.8173494,39.52350903,39.20089418,38.84635522,38.4546703
Sao Tome and Principe,50.016,50.405,50.667,50.81,50.831,50.69,50.329,49.727,48.9,47.895,46.802,45.726,44.762,43.978,43.406,43.05,42.88,42.813,42.771,42.71,42.585,42.362,42.043,41.634,41.143,40.584,39.985,39.382,38.809,38.284,37.826,37.442,37.12,36.847,36.615,36.418,36.248,36.093,35.936,35.764,35.559,35.308,35.005,34.65,34.241,33.775,33.256,32.697,32.11
Suriname,44.792,44.694,44.44,44.008,43.397,42.615,41.687,40.66,39.579,38.474,37.35,36.197,35.015,33.823,32.662,31.616,30.779,30.19,29.85,29.724,29.72,29.713,29.584,29.254,28.698,27.926,26.988,25.993,25.042,24.191,23.512,23.058,22.818,22.76,22.849,23.016,23.174,23.244,23.172,22.937,22.545,22.033,21.474,20.929,20.425,19.983,19.606,19.278,18.983
Slovak Republic,22.32,,20.6,,,19.04,,18,,,18.72,,19.2,,,20.04,,20.6,,,19.1,18.6,18.3,18.1,17.7,17.5,16.8,16.1,15.9,15.2,15.2,15,14.2,13.8,12.5,11.4,11.2,11,10.7,10.4,10.2,9.5,10.6,9.6,10,10.104,9.998,10.084,10.609
Slovenia,17.6,18.1,18.1,18.1,17.9,18.5,18.5,17.6,16.8,16.3,15.9,16.3,16.4,16.7,16,16.5,16.8,16.2,16.3,16.2,15.7,15.2,15,14.1,13.5,13.1,12.9,12.9,12.6,11.8,11.2,10.8,10,9.9,9.8,9.5,9.5,9.1,9,8.8,9.1,8.8,8.8,8.6,9,9.076,9.434,9.823,10.495
Sweden,13.7,13.9,14.2,14.8,16,15.9,15.8,15.4,14.3,13.5,13.7,14.1,13.8,13.5,13.4,12.6,11.9,11.6,11.2,11.6,11.6,11.3,11.1,11,11.3,11.8,12.2,12.5,13.3,13.7,14.5,14.3,14,13.5,12.6,11.7,10.8,10.1,10,9.9,10.2,10.4,10.6,11,11.2,11.224,11.664,11.742,11.855
Swaziland,47.588,47.676,47.807,47.977,48.177,48.395,48.62,48.837,49.031,49.189,49.295,49.34,49.326,49.258,49.142,48.99,48.817,48.639,48.465,48.296,48.144,48.017,47.898,47.763,47.582,47.305,46.878,46.272,45.478,44.504,43.366,42.098,40.759,39.414,38.111,36.901,35.822,34.877,34.064,33.384,32.824,32.36,31.955,31.579,31.215,30.857,30.51,30.187,29.895
Seychelles,,,,,,,,,,,,,,,32.1,30.4,27.1,25.8,28.8,27.5,28.9,28.1,24.1,25.8,26.9,26.5,26.3,24.9,,,23.7,,22.9,,,21,21.1,19.1,17.9,18.2,18.6,17.7,17.7,18.1,17.4,18.5,17.3,17.6,17.8
Syrian Arab Republic,48.352,48.295,48.214,48.107,47.978,47.831,47.671,47.509,47.355,47.214,47.098,47.016,46.965,46.94,46.935,46.952,46.995,47.05,47.088,47.077,46.968,46.71,46.276,45.647,44.821,43.79,42.561,41.18,39.708,38.2,36.717,35.312,34.021,32.876,31.902,31.125,30.55,30.145,29.87,29.694,29.586,29.517,29.458,29.38,29.254,29.055,28.771,28.41,27.98
Turks and Caicos Islands,,,,,,,,,,,,,,,,,,,,,,,,,,,,,,,,,,,,,,,,,,,,,,,,,
Chad,45.682,45.585,45.502,45.439,45.406,45.417,45.488,45.623,45.817,46.064,46.354,46.671,46.996,47.308,47.591,47.831,48.021,48.161,48.257,48.308,48.316,48.284,48.219,48.132,48.033,47.928,47.824,47.724,47.634,47.558,47.502,47.471,47.464,47.475,47.502,47.546,47.605,47.673,47.739,47.788,47.801,47.759,47.65,47.471,47.22,46.903,46.53,46.121,45.692
Togo,46.929,47.064,47.215,47.377,47.541,47.705,47.868,48.028,48.18,48.318,48.433,48.521,48.576,48.592,48.563,48.484,48.35,48.162,47.922,47.634,47.297,46.915,46.492,46.035,45.553,45.049,44.529,43.997,43.455,42.91,42.366,41.824,41.284,40.746,40.212,39.684,39.163,38.649,38.14,37.633,37.123,36.604,36.072,35.529,34.976,34.424,33.885,33.367,32.875
Thailand,43.636,43.419,43.116,42.717,42.214,41.599,40.866,40.026,39.095,38.089,37.025,35.918,34.787,33.65,32.528,31.438,30.391,29.387,28.424,27.505,26.623,25.768,24.931,24.109,23.307,22.541,21.833,21.197,20.637,20.15,19.715,19.308,18.903,18.483,18.044,17.592,17.145,16.725,16.349,16.024,15.751,15.525,15.333,15.165,15.012,14.873,14.745,14.628,14.52
Tajikistan,48.005,48.146,47.888,47.189,46.088,44.717,43.265,41.936,40.874,40.135,39.694,39.452,39.258,39.003,38.667,38.274,37.885,37.587,37.439,37.453,37.636,37.976,38.417,38.894,39.353,39.73,39.969,40.041,39.93,39.627,39.131,38.46,37.662,36.789,35.879,34.96,34.053,33.168,32.319,31.527,30.814,30.196,29.667,29.223,28.859,28.573,28.36,28.203,28.079
Turkmenistan,44.429,44.433,44.136,43.502,42.56,41.41,40.201,39.091,38.199,37.565,37.18,36.973,36.829,36.657,36.431,36.151,35.842,35.556,35.33,35.176,35.108,35.135,35.236,35.38,35.534,35.663,35.736,35.719,35.575,35.269,34.736,33.912,32.806,31.463,29.95,28.382,26.896,25.603,24.579,23.853,23.411,23.191,23.079,22.978,22.846,22.661,22.428,22.177,21.933
Tonga,45.369,45.27,45.03,44.62,44.024,43.219,42.189,40.972,39.632,38.232,36.863,35.616,34.554,33.721,33.14,32.824,32.758,32.866,33.067,33.299,33.479,33.529,33.422,33.151,32.722,32.181,31.602,31.063,30.624,30.3,30.072,29.892,29.7,29.456,29.16,28.839,28.538,28.307,28.174,28.142,28.203,28.338,28.5,28.641,28.723,28.699,28.527,28.202,27.733
Trinidad and Tobago,38.677,38.375,37.705,36.638,35.217,33.553,31.805,30.161,28.774,27.729,27.084,26.849,26.923,27.199,27.611,28.083,28.544,28.941,29.225,29.351,29.298,29.07,28.705,28.231,27.651,26.945,26.086,25.071,23.919,22.671,21.379,20.103,18.902,17.824,16.903,16.16,15.595,15.174,14.862,14.644,14.506,14.44,14.435,14.476,14.542,14.62,14.698,14.77,14.83
Tunisia,46.58,,46.5,,,43.68,,41.8,,,38.98,,37.1,,,36.68,,36.4,,,34.78,,33.7,,,31,,29.2,,,25.2,24.9,24.9,24,22.7,20.8,19.7,18.9,17.9,16.9,17.1,16.9,16.7,17.1,16.8,17.1,17.1,17.4,17.7
Turkey,46.099,45.209,44.322,43.459,42.639,41.88,41.195,40.572,39.995,39.45,38.905,38.32,37.674,36.964,36.2,35.429,34.717,34.11,33.625,33.244,32.904,32.513,31.993,31.303,30.449,29.481,28.481,27.545,26.744,26.1,25.61,25.242,24.929,24.612,24.264,23.861,23.387,22.856,22.289,21.697,21.107,20.546,20.04,19.602,19.236,18.936,18.685,18.457,18.229
Tuvalu,,,,,,,,,,,,,,,,,,,,,,,,,,,,,,,,,,,,,,,,,,,,,,,,,
Tanzania,49.278,49.23,49.173,49.11,49.04,48.962,48.87,48.763,48.638,48.499,48.353,48.21,48.076,47.953,47.838,47.722,47.591,47.433,47.241,47.017,46.767,46.503,46.239,45.985,45.742,45.506,45.266,45.013,44.738,44.442,44.125,43.788,43.442,43.099,42.77,42.473,42.224,42.029,41.889,41.803,41.768,41.777,41.813,41.855,41.882,41.877,41.822,41.711,41.534
Uganda,49.534,49.405,49.299,49.214,49.145,49.086,49.026,48.963,48.892,48.815,48.735,48.661,48.6,48.559,48.541,48.547,48.576,48.623,48.681,48.748,48.822,48.9,48.981,49.063,49.143,49.219,49.293,49.364,49.426,49.473,49.493,49.473,49.407,49.293,49.134,48.939,48.719,48.49,48.264,48.047,47.846,47.665,47.496,47.328,47.154,46.96,46.734,46.467,46.151
Ukraine,19.12,,18.4,,,16.72,,15.6,,,15.3,,15.1,,,14.98,,14.9,,,14.84,14.6,14.8,16,15.6,15.55,15.5,14.8,14.4,13.3,12.7,12.1,11.4,10.7,10,9.6,9.1,8.7,8.3,7.8,7.8,7.7,8.7,8.545801922,9.004965059,9,9.8,10.2,11
Upper middle income,39.7445289,,,,,37.54044021,,,,,35.23934259,,,,,33.18235551,,,,,28.18192524,27.93433285,27.76981035,27.60381564,27.17735082,26.74096283,26.38883768,25.93263872,25.0694151,24.24118435,23.61945187,22.59382173,21.95978041,21.16567565,20.84631555,20.25181261,19.85560843,19.36018236,19.08949208,18.82117641,18.64836657,18.42350811,18.20317729,17.95997193,17.77138826,17.50144449,17.31521875,17.21745602,17.13704491
Uruguay,22.2,21.4,21.6,21.7,20.7,20,18.8,18.9,19.2,20.3,19.5,19.9,20,20.1,20.7,20.9,20.8,20.25,19.9,19.3,19.1,18.4,18.2,18,18,18,17.9,17.9,17.5,18.2,18,17.5,17.2,17.6,17.5,17.6,18.2,17.8,16.7,16.4,15.9,15.5,15.9,15.72,15.16,14.86,14.76,14.67,14.58
United States,23.7,23.3,22.4,21.7,21.1,19.4,18.4,17.8,17.6,17.9,18.4,17.2,15.6,14.8,14.8,14.6,14.6,15.1,15,15.6,15.9,15.7,15.9,15.5,15.7,15.7,15.5,15.5,15.9,16.2,16.7,16.3,15.9,15.5,15.2,14.8,14.8,14.6,14.6,14.5,14.7,14.1,13.9,14.14,14.13,14,14.2,14.25406469,14.30095845
Uzbekistan,45.2748,,44.938,,,41.308,,38.888,,,36.536,,34.968,,,34.8954,,34.847,,34.4,33.9,35,35.1,35.4,36.3,37.4,37.9,37.2,35.3,33.3,33.7,34.5,33.1,31.5,29.4,29.8,27.3,25.5,23.4,22.40852714,21.4024803,20.54723255,21.07132599,19.88672175,20.89286097,20.3894066,20.98839616,21.579,21.6805348
St. Vincent and the Grenadines,47.876,47.302,46.658,45.955,45.205,44.424,43.629,42.827,42.021,41.211,40.38,39.502,38.564,37.563,36.511,35.438,34.381,33.375,32.444,31.597,30.829,30.117,29.431,28.752,28.076,27.415,26.79,26.22,25.714,25.267,24.864,24.484,24.1,23.693,23.252,22.765,22.228,21.655,21.065,20.475,19.909,19.393,18.943,18.569,18.271,18.042,17.868,17.721,17.581
"Venezuela, RB",44.92,,45,,,42.06,,40.1,,,37.1,,35.1,,,34.56,,34.2,,,32.88,,32,,,30.98,,30.3,,,28.56,,27.4,,25.6,25.45,25.3,25.3,23.9,23.7,23.4,23.2,22.9,22.6,22.31,22.04,21.77,21.52,21.244
Virgin Islands (U.S.),35,,,,,33.1,,,,,,,,,29.7,28.1,26.6,,26.9,,,,24.7,,,25,,22.3,,,21.4,21.1,22,,,18.7,17.6,17.2,18,16.1,16.36666667,,16.9,,,14.64,13.04,12.63,12
Vietnam,46.222,46.196,46.006,45.651,45.145,44.51,43.774,42.977,42.161,41.359,40.601,39.905,39.268,38.685,38.158,37.685,37.256,36.855,36.469,36.091,35.731,35.405,35.116,34.855,34.599,34.316,33.969,33.524,32.956,32.244,31.36,30.277,29.019,27.635,26.177,24.725,23.368,22.168,21.167,20.383,19.805,19.39,19.063,18.763,18.461,18.139,17.801,17.466,17.152
Vanuatu,48.386,47.971,47.497,46.967,46.392,45.793,45.197,44.63,44.11,43.648,43.248,42.907,42.606,42.324,42.05,41.766,41.458,41.121,40.752,40.354,39.929,39.484,39.034,38.595,38.18,37.809,37.503,37.263,37.079,36.936,36.804,36.644,36.423,36.125,35.746,35.295,34.798,34.289,33.801,33.345,32.933,32.567,32.231,31.911,31.599,31.282,30.947,30.587,30.198
World,32.87442714,,,,,35.73669719,,,,,33.50885738,,,,,29.60040549,,,,,27.29885492,28.06629402,27.94341576,27.69313384,27.52595576,27.13349514,27.30840505,27.20275973,26.70140847,26.11743893,25.75056896,25.05796521,24.43063265,24.02247737,23.72520061,23.27767925,22.95483564,22.60355861,22.155163,21.74245337,21.49241097,21.13105092,20.856985,20.66060601,20.45059889,20.31805025,20.16950964,20.065257,19.9839168
Samoa,48.202,47.788,47.226,46.491,45.591,44.558,43.447,42.331,41.27,40.297,39.414,38.599,37.821,37.07,36.367,35.763,35.322,35.081,35.054,35.224,35.573,36.068,36.633,37.18,37.632,37.869,37.773,37.323,36.547,35.502,34.323,33.192,32.263,31.634,31.328,31.302,31.453,31.616,31.655,31.504,31.113,30.462,29.612,28.631,27.563,26.464,25.391,24.391,23.508
"Yemen, Rep.",54.501,54.516,54.563,54.645,54.761,54.914,55.1,55.31,55.53,55.749,55.951,56.119,56.246,56.329,56.366,56.365,56.343,56.314,56.281,56.24,56.178,56.079,55.922,55.688,55.363,54.934,54.394,53.747,53.005,52.174,51.255,50.25,49.173,48.043,46.885,45.719,44.56,43.427,42.339,41.322,40.407,39.624,38.973,38.445,38.025,37.686,37.393,37.107,36.795
South Africa,42.267,41.993,41.61,41.112,40.52,39.883,39.268,38.734,38.317,38.025,37.837,37.709,37.58,37.4,37.153,36.837,36.467,36.077,35.687,35.302,34.919,34.53,34.119,33.675,33.192,32.659,32.066,31.419,30.729,30.01,29.28,28.562,27.874,27.235,26.658,26.158,25.745,25.409,25.132,24.899,24.684,24.458,24.199,23.897,23.55,23.167,22.77,22.387,22.038
Zambia,48.112,48.323,48.533,48.734,48.915,49.061,49.156,49.195,49.175,49.097,48.974,48.821,48.655,48.486,48.312,48.117,47.875,47.57,47.198,46.768,46.304,45.837,45.4,45.019,44.709,44.473,44.301,44.174,44.076,44.005,43.971,43.989,44.066,44.199,44.375,44.57,44.758,44.914,45.015,45.048,45.01,44.907,44.755,44.566,44.34,44.067,43.737,43.341,42.879
Zimbabwe,48.178,48.179,48.148,48.079,47.977,47.852,47.724,47.614,47.536,47.496,47.5,47.551,47.633,47.723,47.799,47.836,47.811,47.704,47.497,47.174,46.712,46.092,45.327,44.439,43.454,42.408,41.341,40.288,39.28,38.337,37.463,36.644,35.856,35.085,34.333,33.609,32.927,32.301,31.746,31.268,30.876,30.577,30.361,30.215,30.123,30.067,30.027,29.987,29.93
